Producto,Marca,Handle,URL,Largo title SEO,Tiene meta description,Palabras descripción,Imágenes,Imágenes sin alt,Tipo de producto,Stock,Cantidad de problemas,Problemas
COSRX ULTRA-LIGHT INVISIBLE SUNSCREEN SPF50+ PA++++ 50ml | Protector solar facial de textura ultra liviana,COSRX,cosrx-ultra-light-invisible-sunscreen-spf50-pa-50ml-protector-solar-facial-de-textura-ultra-liviana,https://www.skinko.com.ar/products/cosrx-ultra-light-invisible-sunscreen-spf50-pa-50ml-protector-solar-facial-de-textura-ultra-liviana,106,no,69,1,1,,0,8,sin meta description; title SEO 106 car.; descripción corta (69 pal.); 1 imágenes sin alt; solo 1 imágenes; sin tipo de producto; URL larga; sin stock
"VT Cosmetics REEDLE SHOT 100 50ml | Serum de microagujas, intensidad 100",VT Cosmetics,reedle-shot-100-50ml,https://www.skinko.com.ar/products/reedle-shot-100-50ml,72,no,64,1,1,,12,7,sin meta description; title SEO 72 car.; descripción corta (64 pal.); 1 imágenes sin alt; solo 1 imágenes; sin tipo de producto; marca inconsistente (VT Cosmetics)
"VT Cosmetics REEDLE SHOT 300 50ml | Serum de microagujas, intensidad 300",VT Cosmetics,reedle-shot-300-50ml,https://www.skinko.com.ar/products/reedle-shot-300-50ml,72,no,79,1,1,,41,7,sin meta description; title SEO 72 car.; descripción corta (79 pal.); 1 imágenes sin alt; solo 1 imágenes; sin tipo de producto; marca inconsistente (VT Cosmetics)
VT Cosmetics RETI-A REEDLE SHOT 100 50ml | Serum de Microagujas con Retinol y Vit A,VT Cosmetics,reti-a-reedle-shot-100-50ml,https://www.skinko.com.ar/products/reti-a-reedle-shot-100-50ml,83,no,77,1,1,,407,7,sin meta description; title SEO 83 car.; descripción corta (77 pal.); 1 imágenes sin alt; solo 1 imágenes; sin tipo de producto; marca inconsistente (VT Cosmetics)
VT Cosmetics REEDLE SHOT LIFTING EYE CREAM 15ml  | Contorno con microagujas,VT Cosmetics,reedle-shot-lifting-eye-cream-15ml,https://www.skinko.com.ar/products/reedle-shot-lifting-eye-cream-15ml,75,no,59,1,1,,2541,7,sin meta description; title SEO 75 car.; descripción corta (59 pal.); 1 imágenes sin alt; solo 1 imágenes; sin tipo de producto; marca inconsistente (VT Cosmetics)
VT Cosmetics REEDLE SHOT 100 2ml x 10u | 10 mini unidades de serum con microagujas,VT Cosmetics,reedle-shot-100-2ml-x-10u,https://www.skinko.com.ar/products/reedle-shot-100-2ml-x-10u,82,no,64,1,1,,353,7,sin meta description; title SEO 82 car.; descripción corta (64 pal.); 1 imágenes sin alt; solo 1 imágenes; sin tipo de producto; marca inconsistente (VT Cosmetics)
MIXSOON Centella Sun Cream 50g | Protector solar que nutre e hidrata,Mixsoon,centella-sun-cream-50g,https://www.skinko.com.ar/products/centella-sun-cream-50g,68,no,41,1,1,,119,7,sin meta description; title SEO 68 car.; descripción corta (41 pal.); 1 imágenes sin alt; solo 1 imágenes; sin tipo de producto; marca inconsistente (Mixsoon)
TOCOBO Cica Cooling Sun Stick SPF50+ PA++++ 18g | Protector Solar calmante en Barra,Tocobo,cica-cooling-sun-stick-spf50-pa-18g,https://www.skinko.com.ar/products/cica-cooling-sun-stick-spf50-pa-18g,83,no,39,1,1,,211,7,sin meta description; title SEO 83 car.; descripción corta (39 pal.); 1 imágenes sin alt; solo 1 imágenes; sin tipo de producto; marca inconsistente (Tocobo)
TOCOBO Cotton Soft Sun Stick SPF50+ PA++++ 19g | Protector solar en barra,Tocobo,cotton-soft-sun-stick-spf50-pa-19g,https://www.skinko.com.ar/products/cotton-soft-sun-stick-spf50-pa-19g,73,no,34,1,1,,128,7,sin meta description; title SEO 73 car.; descripción corta (34 pal.); 1 imágenes sin alt; solo 1 imágenes; sin tipo de producto; marca inconsistente (Tocobo)
ANUA PDRN Hyaluronic Acid Capsule 100 Serum Mask,ANUA,anua-pdrn-hyaluronic-acid-capsule-100-serum-mask,https://www.skinko.com.ar/products/anua-pdrn-hyaluronic-acid-capsule-100-serum-mask,119,no,36,10,10,,0,7,sin meta description; title SEO 119 car.; descripción corta (36 pal.); 10 imágenes sin alt; sin tipo de producto; marca inconsistente (ANUA); sin stock
MEDICUBE PDRN PINK VITA COATING MASK 1u (22g) | Mascarilla para ilumar y reafirmar,Medicube,medicube-pdrn-pink-vita-coating-mask-10ea-mascarilla-para-ilumar-y-reafirmar,https://www.skinko.com.ar/products/medicube-pdrn-pink-vita-coating-mask-10ea-mascarilla-para-ilumar-y-reafirmar,82,no,28,1,1,mascara,345,7,sin meta description; title SEO 82 car.; descripción corta (28 pal.); 1 imágenes sin alt; solo 1 imágenes; marca inconsistente (Medicube); URL larga
MEDICUBE PDRN PEPTIDE GLOSSY LIP BALM 10g | Bálsamo labial de PDRN,Medicube,medicube-pdrn-peptide-glossy-lip-balm-balsamo-labial-de-pdrn,https://www.skinko.com.ar/products/medicube-pdrn-peptide-glossy-lip-balm-balsamo-labial-de-pdrn,66,no,26,1,1,balsamo,0,7,sin meta description; title SEO 66 car.; descripción corta (26 pal.); 1 imágenes sin alt; solo 1 imágenes; marca inconsistente (Medicube); sin stock
MEDICUBE - Triple Collagen Serum 4.0 (55 ml) | Serum para efecto Glass Glow,Medicube,triple-collagen-serum-4-0-55ml,https://www.skinko.com.ar/products/triple-collagen-serum-4-0-55ml,75,no,42,3,3,,0,7,sin meta description; title SEO 75 car.; descripción corta (42 pal.); 3 imágenes sin alt; sin tipo de producto; marca inconsistente (Medicube); sin stock
"TOCOBO Glass Tinted Lip Balm 3,5g – Bálsamo Labial con Color Efecto Cristal con Aceites Vegetales",TOCOBO,tocobo-glass-tinted-lip-balm,https://www.skinko.com.ar/products/tocobo-glass-tinted-lip-balm,77,no,37,2,2,,437,7,sin meta description; title SEO 77 car.; descripción corta (37 pal.); 2 imágenes sin alt; solo 2 imágenes; sin tipo de producto; marca inconsistente (TOCOBO)
MEDICUBE PDRN Pink Collagen Glow Jelly Mist Serum 100ml – Sérum en Bruma Iluminador con PDRN de Salmón,MEDICUBE,medicube-pdrn-pink-collagen-glow-jelly-mist-serum,https://www.skinko.com.ar/products/medicube-pdrn-pink-collagen-glow-jelly-mist-serum,110,no,26,1,1,,132,7,sin meta description; title SEO 110 car.; descripción corta (26 pal.); 1 imágenes sin alt; solo 1 imágenes; sin tipo de producto; marca inconsistente (MEDICUBE)
FWEE Long-Lasting Dual Coloring Stick Lip Liner Delineador de Labios Dual de Larga Duración -,Fwee,delineador-de-labios-dual-de-larga-duracion-long-lasting-dual-coloring-stick-lip-liner,https://www.skinko.com.ar/products/delineador-de-labios-dual-de-larga-duracion-long-lasting-dual-coloring-stick-lip-liner,93,no,67,12,12,,208,7,sin meta description; title SEO 93 car.; descripción corta (67 pal.); 12 imágenes sin alt; sin tipo de producto; marca inconsistente (Fwee); URL larga
VT COSMETICS Contorno de ojos PDRN Reedle Shot Eye Lifter 15 ml,VT Cosmetics,contorno-de-ojos-vt-pdrn-reedle-shot-eye-lifter-15-ml-crema-para-contorno-de-ojos-con-pdrn,https://www.skinko.com.ar/products/contorno-de-ojos-vt-pdrn-reedle-shot-eye-lifter-15-ml-crema-para-contorno-de-ojos-con-pdrn,63,no,69,4,4,,568,7,sin meta description; title SEO 63 car.; descripción corta (69 pal.); 4 imágenes sin alt; sin tipo de producto; marca inconsistente (VT Cosmetics); URL larga
VT COSMETICS PDRN Dúo Lifting & Luminosidad Cream + Reedle Shot Ojos,Vt Cosmetics,vt-cosmetics-pdrn-duo-lifting-luminosidad-cream-reedle-shot-ojos,https://www.skinko.com.ar/products/vt-cosmetics-pdrn-duo-lifting-luminosidad-cream-reedle-shot-ojos,68,no,190,1,1,,6,7,sin meta description; title SEO 68 car.; 1 imágenes sin alt; solo 1 imágenes; sin tipo de producto; marca inconsistente (Vt Cosmetics); H1 duplicado en descripción
FILLIMILLI Black Lash Adhesive 7g - Pegamento Negro para Pestañas Postizas,FILLIMILLI,fillimilli-black-lash-adhesive-7g-pegamento-negro-para-pestanas-postizas,https://www.skinko.com.ar/products/fillimilli-black-lash-adhesive-7g-pegamento-negro-para-pestanas-postizas,74,no,61,2,2,,97,7,sin meta description; title SEO 74 car.; descripción corta (61 pal.); 2 imágenes sin alt; solo 2 imágenes; sin tipo de producto; URL larga
FILLIMILLI Clear Lash Adhesive 7g - Pegamento Transparente para Pestañas Postizas,FILLIMILLI,fillimilli-clear-lash-adhesive-7g-pegamento-transparente-para-pestanas-postizas,https://www.skinko.com.ar/products/fillimilli-clear-lash-adhesive-7g-pegamento-transparente-para-pestanas-postizas,81,no,60,2,2,,104,7,sin meta description; title SEO 81 car.; descripción corta (60 pal.); 2 imágenes sin alt; solo 2 imágenes; sin tipo de producto; URL larga
FILLIMILLI Cushion Pang Pang Puff (Set x 5 Unidades) Esponjas de maquillaje,FILLIMILLI,fillimilli-cushion-pang-pang-puff-set-x-5-unidades-esponjas-de-maquillaje,https://www.skinko.com.ar/products/fillimilli-cushion-pang-pang-puff-set-x-5-unidades-esponjas-de-maquillaje,75,no,67,2,2,,99,7,sin meta description; title SEO 75 car.; descripción corta (67 pal.); 2 imágenes sin alt; solo 2 imágenes; sin tipo de producto; URL larga
FILLIMILLI No-Glue Point Lashes 01 Triple A (9mm) (36 piezas) Pestañas postizas,FILLIMILLI,fillimilli-no-glue-point-lashes-01-triple-a-9mm-36-piezas-pestanas-postizas,https://www.skinko.com.ar/products/fillimilli-no-glue-point-lashes-01-triple-a-9mm-36-piezas-pestanas-postizas,79,no,74,1,1,,102,7,sin meta description; title SEO 79 car.; descripción corta (74 pal.); 1 imágenes sin alt; solo 1 imágenes; sin tipo de producto; URL larga
FILLIMILLI No-Glue Point Lashes 02 Triple V (10mm) (36 piezas) Pestañas postizas,FILLIMILLI,fillimilli-no-glue-point-lashes-02-triple-v-10mm-36-piezas-pestanas-postizas,https://www.skinko.com.ar/products/fillimilli-no-glue-point-lashes-02-triple-v-10mm-36-piezas-pestanas-postizas,80,no,66,1,1,,131,7,sin meta description; title SEO 80 car.; descripción corta (66 pal.); 1 imágenes sin alt; solo 1 imágenes; sin tipo de producto; URL larga
FILLIMILLI No-Glue Point Lashes 03 Triple I (9mm) (36 piezas) - Pestañas Postizas,FILLIMILLI,fillimilli-no-glue-point-lashes-03-triple-i-9mm-36-piezas-pestanas-postizas,https://www.skinko.com.ar/products/fillimilli-no-glue-point-lashes-03-triple-i-9mm-36-piezas-pestanas-postizas,81,no,77,1,1,,101,7,sin meta description; title SEO 81 car.; descripción corta (77 pal.); 1 imágenes sin alt; solo 1 imágenes; sin tipo de producto; URL larga
FILLIMILLI No-Glue Point Lashes 04 Crown W (9mm) (36 piezas) - Pestañas Postizas,FILLIMILLI,fillimilli-no-glue-point-lashes-04-crown-w-9mm-36-piezas-pestanas-postizas,https://www.skinko.com.ar/products/fillimilli-no-glue-point-lashes-04-crown-w-9mm-36-piezas-pestanas-postizas,80,no,64,1,1,,102,7,sin meta description; title SEO 80 car.; descripción corta (64 pal.); 1 imágenes sin alt; solo 1 imágenes; sin tipo de producto; URL larga
FILLIMILLI Point Piece Lashes 05 Dolly Point (11mm) (60 piezas) Pestañas Postizas,FILLIMILLI,fillimilli-point-piece-lashes-05-dolly-point-11mm-60-piezas-pestanas-postizas,https://www.skinko.com.ar/products/fillimilli-point-piece-lashes-05-dolly-point-11mm-60-piezas-pestanas-postizas,81,no,73,2,2,,80,7,sin meta description; title SEO 81 car.; descripción corta (73 pal.); 2 imágenes sin alt; solo 2 imágenes; sin tipo de producto; URL larga
FILLIMILLI Point Piece Lashes 07 Pure Daily (10mm) (60 piezas) - Pestañas Postizas,FILLIMILLI,fillimilli-point-piece-lashes-07-pure-daily-10mm-60-piezas-pestanas-postizas,https://www.skinko.com.ar/products/fillimilli-point-piece-lashes-07-pure-daily-10mm-60-piezas-pestanas-postizas,82,no,69,1,1,,29,7,sin meta description; title SEO 82 car.; descripción corta (69 pal.); 1 imágenes sin alt; solo 1 imágenes; sin tipo de producto; URL larga
FILLIMILLI Point Piece Lashes 01 Pure Daily (9mm) (60 piezas) - Pestañas Postizas,FILLIMILLI,fillimilli-point-piece-lashes-01-pure-daily-9mm-60-piezas-pestanas-postizas,https://www.skinko.com.ar/products/fillimilli-point-piece-lashes-01-pure-daily-9mm-60-piezas-pestanas-postizas,81,no,74,1,1,,101,7,sin meta description; title SEO 81 car.; descripción corta (74 pal.); 1 imágenes sin alt; solo 1 imágenes; sin tipo de producto; URL larga
FILLIMILLI Point Piece Lashes 02 Clear Daily (9mm) (60 piezas) - Pestañas Postizas,FILLIMILLI,fillimilli-point-piece-lashes-02-clear-daily-9mm-60-piezas-pestanas-postizas,https://www.skinko.com.ar/products/fillimilli-point-piece-lashes-02-clear-daily-9mm-60-piezas-pestanas-postizas,82,no,72,1,1,,102,7,sin meta description; title SEO 82 car.; descripción corta (72 pal.); 1 imágenes sin alt; solo 1 imágenes; sin tipo de producto; URL larga
"FILLIMILLI Point Piece Lashes 03 Natural Under (V Shape) (4,5,6mm) (90 piezas) Pestañas Postizas",FILLIMILLI,fillimilli-point-piece-lashes-03-natural-under-v-shape-4-5-6mm-90-piezas-pestanas-postizas,https://www.skinko.com.ar/products/fillimilli-point-piece-lashes-03-natural-under-v-shape-4-5-6mm-90-piezas-pestanas-postizas,96,no,77,1,1,,42,7,sin meta description; title SEO 96 car.; descripción corta (77 pal.); 1 imágenes sin alt; solo 1 imágenes; sin tipo de producto; URL larga
"VT Cosmetics REEDLE SHOT 50 50ml | Serum con microagujas, intensidad 50",VT Cosmetics,reedle-shot-50-50ml,https://www.skinko.com.ar/products/reedle-shot-50-50ml,71,no,86,1,1,,324,6,sin meta description; title SEO 71 car.; 1 imágenes sin alt; solo 1 imágenes; sin tipo de producto; marca inconsistente (VT Cosmetics)
VT Cosmetics VITA-LIGHT REEDLE SHOT 100 50ml | Serum de microagujas con Vitamina C,VT Cosmetics,vita-light-reedle-shot-100-50ml,https://www.skinko.com.ar/products/vita-light-reedle-shot-100-50ml,82,no,84,1,1,,553,6,sin meta description; title SEO 82 car.; 1 imágenes sin alt; solo 1 imágenes; sin tipo de producto; marca inconsistente (VT Cosmetics)
VT Cosmetics RED BOOSTER REEDLE SHOT 100 50ml | Serum de Microagujas con Sangre de Dragón,VT Cosmetics,red-booster-reedle-shot-100-50ml,https://www.skinko.com.ar/products/red-booster-reedle-shot-100-50ml,89,no,86,1,1,,712,6,sin meta description; title SEO 89 car.; 1 imágenes sin alt; solo 1 imágenes; sin tipo de producto; marca inconsistente (VT Cosmetics)
VT Cosmetics PDRN ESSENCE 100 30ml | Serum de PDRN vegano,VT Cosmetics,pdrn-essence-100-30ml,https://www.skinko.com.ar/products/pdrn-essence-100-30ml,57,no,59,1,1,,394,6,sin meta description; descripción corta (59 pal.); 1 imágenes sin alt; solo 1 imágenes; sin tipo de producto; marca inconsistente (VT Cosmetics)
VT REEDLE SHOT 300 2ml x 10u | 10 unidades de mini Serum con microagujas 300,VT Cosmetics,reedle-shot-300-2ml-x-10u,https://www.skinko.com.ar/products/reedle-shot-300-2ml-x-10u,76,no,79,3,3,,501,6,sin meta description; title SEO 76 car.; descripción corta (79 pal.); 3 imágenes sin alt; sin tipo de producto; marca inconsistente (VT Cosmetics)
VT RETI-A REEDLE SHOT 100 2ml x 10u | 10 mini unidades de Serum de microagujas 100,VT Cosmetics,reti-a-reedle-shot-100-2ml-x-10u,https://www.skinko.com.ar/products/reti-a-reedle-shot-100-2ml-x-10u,82,no,77,3,3,,666,6,sin meta description; title SEO 82 car.; descripción corta (77 pal.); 3 imágenes sin alt; sin tipo de producto; marca inconsistente (VT Cosmetics)
MIXSOON Bean Essence 50ml | Esencia para intensa hidratación y suave exfoliación,Mixsoon,bean-essence-50ml,https://www.skinko.com.ar/products/bean-essence-50ml,80,no,63,1,1,esencia,33,6,sin meta description; title SEO 80 car.; descripción corta (63 pal.); 1 imágenes sin alt; solo 1 imágenes; marca inconsistente (Mixsoon)
MIXSOON Glacier Water Hyaluronic Acid Serum 100ml | Serum hidratante de agua de Glaciar,Mixsoon,glacier-water-hyaluronic-acid-serum-100ml,https://www.skinko.com.ar/products/glacier-water-hyaluronic-acid-serum-100ml,87,no,38,4,4,,72,6,sin meta description; title SEO 87 car.; descripción corta (38 pal.); 4 imágenes sin alt; sin tipo de producto; marca inconsistente (Mixsoon)
MIXSOON Soybean Milk Serum 50ml | Serum nutritivo,Mixsoon,soybean-milk-serum-50ml,https://www.skinko.com.ar/products/soybean-milk-serum-50ml,49,no,41,1,1,,138,6,sin meta description; descripción corta (41 pal.); 1 imágenes sin alt; solo 1 imágenes; sin tipo de producto; marca inconsistente (Mixsoon)
MIXSOON | Bean Cream 50ml,Mixsoon,bean-cream-50ml,https://www.skinko.com.ar/products/bean-cream-50ml,25,no,41,1,1,,202,6,sin meta description; descripción corta (41 pal.); 1 imágenes sin alt; solo 1 imágenes; sin tipo de producto; marca inconsistente (Mixsoon)
MIXSOON | Centella Cleansing Foam 150ml,Mixsoon,centella-cleansing-foam-150ml,https://www.skinko.com.ar/products/centella-cleansing-foam-150ml,39,no,47,1,1,,53,6,sin meta description; descripción corta (47 pal.); 1 imágenes sin alt; solo 1 imágenes; sin tipo de producto; marca inconsistente (Mixsoon)
MIXSOON | Bean Cleansing Oil 195ml,Mixsoon,bean-cleansing-oil-195ml,https://www.skinko.com.ar/products/bean-cleansing-oil-195ml,34,no,35,1,1,,51,6,sin meta description; descripción corta (35 pal.); 1 imágenes sin alt; solo 1 imágenes; sin tipo de producto; marca inconsistente (Mixsoon)
MIXSOON | Soondy Centella Asiatica Essence 100ml,Mixsoon,soondy-centella-asiatica-essence-100ml,https://www.skinko.com.ar/products/soondy-centella-asiatica-essence-100ml,48,no,32,1,1,,234,6,sin meta description; descripción corta (32 pal.); 1 imágenes sin alt; solo 1 imágenes; sin tipo de producto; marca inconsistente (Mixsoon)
ROUNDLAB Birch Juice Moisturizing Sunscreen 50ml | Protector Solar en crema,Round Lab,birch-juice-moisturizing-sunscreen-50ml,https://www.skinko.com.ar/products/birch-juice-moisturizing-sunscreen-50ml,75,no,32,3,3,,0,6,sin meta description; title SEO 75 car.; descripción corta (32 pal.); 3 imágenes sin alt; sin tipo de producto; sin stock
TOCOBO | Collagen Brightening Eye Gel Cream 30ml,Tocobo,collagen-brightening-eye-gel-cream-30ml,https://www.skinko.com.ar/products/collagen-brightening-eye-gel-cream-30ml,48,no,35,1,1,,67,6,sin meta description; descripción corta (35 pal.); 1 imágenes sin alt; solo 1 imágenes; sin tipo de producto; marca inconsistente (Tocobo)
TOCOBO | Collagen Boosting Lip Mask 20ml,Tocobo,collagen-boosting-lip-mask-20ml,https://www.skinko.com.ar/products/collagen-boosting-lip-mask-20ml,40,no,33,1,1,,174,6,sin meta description; descripción corta (33 pal.); 1 imágenes sin alt; solo 1 imágenes; sin tipo de producto; marca inconsistente (Tocobo)
TOCOBO | Vita Glazed Lip Mask 20ml,Tocobo,vita-glazed-lip-mask-20ml,https://www.skinko.com.ar/products/vita-glazed-lip-mask-20ml,34,no,33,1,1,,152,6,sin meta description; descripción corta (33 pal.); 1 imágenes sin alt; solo 1 imágenes; sin tipo de producto; marca inconsistente (Tocobo)
TOCOBO | Multi Ceramide Cream 50ml,Tocobo,multi-ceramide-cream-50ml,https://www.skinko.com.ar/products/multi-ceramide-cream-50ml,34,no,32,1,1,,257,6,sin meta description; descripción corta (32 pal.); 1 imágenes sin alt; solo 1 imágenes; sin tipo de producto; marca inconsistente (Tocobo)
TOCOBO | Calamine Pore Control Cleansing Oil 200ml,Tocobo,calamine-pore-control-cleansing-oil-200ml,https://www.skinko.com.ar/products/calamine-pore-control-cleansing-oil-200ml,50,no,38,1,1,,227,6,sin meta description; descripción corta (38 pal.); 1 imágenes sin alt; solo 1 imágenes; sin tipo de producto; marca inconsistente (Tocobo)
TOCOBO | Glow Ritual Lip Balm 001 Coral Water 3.5g,Tocobo,glow-ritual-lip-balm-001-coral-water-3-5g,https://www.skinko.com.ar/products/glow-ritual-lip-balm-001-coral-water-3-5g,50,no,15,1,1,,207,6,sin meta description; descripción corta (15 pal.); 1 imágenes sin alt; solo 1 imágenes; sin tipo de producto; marca inconsistente (Tocobo)
TOCOBO | Vitamin Nourishing Lip Balm 3.5g,Tocobo,vitamin-nourishing-lip-balm-3-5g,https://www.skinko.com.ar/products/vitamin-nourishing-lip-balm-3-5g,41,no,31,1,1,,97,6,sin meta description; descripción corta (31 pal.); 1 imágenes sin alt; solo 1 imágenes; sin tipo de producto; marca inconsistente (Tocobo)
fwee | Lip&Cheek Blurry Pudding Pot 5g,Fwee,lip-cheek-blurry-pudding-pot-5g,https://www.skinko.com.ar/products/lip-cheek-blurry-pudding-pot-5g,38,no,37,2,2,,1346,6,sin meta description; descripción corta (37 pal.); 2 imágenes sin alt; solo 2 imágenes; sin tipo de producto; marca inconsistente (Fwee)
fwee | Fingerlike Silicone Lip Brush,Fwee,fingerlike-silicone-lip-brush,https://www.skinko.com.ar/products/fingerlike-silicone-lip-brush,36,no,34,2,2,,121,6,sin meta description; descripción corta (34 pal.); 2 imágenes sin alt; solo 2 imágenes; sin tipo de producto; marca inconsistente (Fwee)
UNLEASHIA | Satin Wear Healthy-Green Cushion 15g - SET COMPLETO,Unleashia,satin-wear-healthy-green-cushion-15g,https://www.skinko.com.ar/products/satin-wear-healthy-green-cushion-15g,63,no,47,6,6,,370,6,sin meta description; title SEO 63 car.; descripción corta (47 pal.); 6 imágenes sin alt; sin tipo de producto; marca inconsistente (Unleashia)
COMMONLABS Vitamin C Brightening Sun Serum 51 ml  |  Protector solar en Serum,Commonlabs,vitamin-c-brightening-sun-serum-51ml,https://www.skinko.com.ar/products/vitamin-c-brightening-sun-serum-51ml,77,no,48,3,3,,0,6,sin meta description; title SEO 77 car.; descripción corta (48 pal.); 3 imágenes sin alt; sin tipo de producto; sin stock
SKIN1004 | Madagascar Centella Hyalu-Cica Moisture Cream 75ml,Skin1004,madagascar-centella-hyalu-cica-moisture-cream-75ml,https://www.skinko.com.ar/products/madagascar-centella-hyalu-cica-moisture-cream-75ml,61,no,74,3,3,,0,6,sin meta description; title SEO 61 car.; descripción corta (74 pal.); 3 imágenes sin alt; sin tipo de producto; sin stock
Don't Touch Glass Cushion 15g - CUSHION CASE,Unleashia,dont-touch-glass-cushion-15g-cushion-case,https://www.skinko.com.ar/products/dont-touch-glass-cushion-15g-cushion-case,44,no,10,2,2,,26,6,sin meta description; descripción corta (10 pal.); 2 imágenes sin alt; solo 2 imágenes; sin tipo de producto; marca inconsistente (Unleashia)
SKIN1004 | TONE BRIGHTENING GLOW MASK (unidad) Mascarilla de tela,Skin1004,skin1004-tone-brightening-glow-mask-unidad,https://www.skinko.com.ar/products/skin1004-tone-brightening-glow-mask-unidad,65,no,21,2,2,,103,6,sin meta description; title SEO 65 car.; descripción corta (21 pal.); 2 imágenes sin alt; solo 2 imágenes; sin tipo de producto
SKIN1004 | CENTELLA WATERGEL SHEET AMPOULE MASK (unidad) mascarilla de tela,Skin1004,skin1004-tone-brightening-glow-mask-unidad-copia,https://www.skinko.com.ar/products/skin1004-tone-brightening-glow-mask-unidad-copia,75,no,21,2,2,,624,6,sin meta description; title SEO 75 car.; descripción corta (21 pal.); 2 imágenes sin alt; solo 2 imágenes; sin tipo de producto
COSRX THE CERAMIDE SKIN BARRIER MOISTURIZER 80ml| Crema para fortalecer barrera cutánea,COSRX,cosrx-the-ceramide-skin-barrier-moisturizer-80ml-crema-para-fortalecer-barrera-cutanea,https://www.skinko.com.ar/products/cosrx-the-ceramide-skin-barrier-moisturizer-80ml-crema-para-fortalecer-barrera-cutanea,87,no,57,1,1,crema,122,6,sin meta description; title SEO 87 car.; descripción corta (57 pal.); 1 imágenes sin alt; solo 1 imágenes; URL larga
COSRX PEPTIDE-132 ULTRA PERFECT HAIR BONDING SHAMPOO 200ml| Shampoo reparador y calmante,COSRX,cosrx-peptide-132-ultra-perfect-hair-bonding-shampoo-200ml-shampoo-reparador-y-calmante,https://www.skinko.com.ar/products/cosrx-peptide-132-ultra-perfect-hair-bonding-shampoo-200ml-shampoo-reparador-y-calmante,88,no,39,1,1,Shampoo,127,6,sin meta description; title SEO 88 car.; descripción corta (39 pal.); 1 imágenes sin alt; solo 1 imágenes; URL larga
COSRX THE CERAMIDE SKIN BARRIER MOISTURIZING MIST 120ml| Bruma facial hidratante y reparadora,COSRX,cosrx-the-ceramide-skin-barrier-moisturizing-mist-120ml-bruma-facial-hidratante-y-reparadora,https://www.skinko.com.ar/products/cosrx-the-ceramide-skin-barrier-moisturizing-mist-120ml-bruma-facial-hidratante-y-reparadora,93,no,58,1,1,Mist,251,6,sin meta description; title SEO 93 car.; descripción corta (58 pal.); 1 imágenes sin alt; solo 1 imágenes; URL larga
COSRX ADVANCED SNAIL MUCIN GLASS GLOW HYDROGEL MASK | Mascailla Glass Skin de Hidrogel,COSRX,cosrx-advanced-snail-mucin-glass-glow-hydrogel-mask-mascailla-glass-skin-de-hidrogel,https://www.skinko.com.ar/products/cosrx-advanced-snail-mucin-glass-glow-hydrogel-mask-mascailla-glass-skin-de-hidrogel,86,no,63,1,1,Mascarilla,250,6,sin meta description; title SEO 86 car.; descripción corta (63 pal.); 1 imágenes sin alt; solo 1 imágenes; URL larga
COSRX PEPTIDE-132 ULTRA PERFECT HAIR BONDING OIL SERUM 28ml| Serum capilar con acabado vidriado,COSRX,cosrx-peptide-132-ultra-perfect-hair-bonding-oil-serum-28ml-serum-capilar-con-acabado-vidriado,https://www.skinko.com.ar/products/cosrx-peptide-132-ultra-perfect-hair-bonding-oil-serum-28ml-serum-capilar-con-acabado-vidriado,95,no,38,2,2,serum capilar,239,6,sin meta description; title SEO 95 car.; descripción corta (38 pal.); 2 imágenes sin alt; solo 2 imágenes; URL larga
CELIMAX POROS Y MANCHAS DUO SET | Para pieles con manchas y opacas,Celimax,pre-venta-9-3-celimax-poros-y-manchas-duo-set-para-pieles-con-manchas-y-opacas,https://www.skinko.com.ar/products/pre-venta-9-3-celimax-poros-y-manchas-duo-set-para-pieles-con-manchas-y-opacas,66,no,48,1,1,Set,20,6,sin meta description; title SEO 66 car.; descripción corta (48 pal.); 1 imágenes sin alt; solo 1 imágenes; URL larga
CELIMAX SET NONI CALM | Para hidratar y calmar todo tipo de piel,Celimax,pre-venta-9-3-celimax-set-noni-calm-para-hidratar-y-calmar-todo-tipo-de-piel,https://www.skinko.com.ar/products/pre-venta-9-3-celimax-set-noni-calm-para-hidratar-y-calmar-todo-tipo-de-piel,64,no,51,1,1,Set,10,6,sin meta description; title SEO 64 car.; descripción corta (51 pal.); 1 imágenes sin alt; solo 1 imágenes; URL larga
ANUA PDRN Hyaluronic Acid Moisturizing Cleansing Foam,ANUA,anua-pdrn-hyaluronic-acid-moisturizing-cleansing-foam,https://www.skinko.com.ar/products/anua-pdrn-hyaluronic-acid-moisturizing-cleansing-foam,113,no,35,4,4,,28,6,sin meta description; title SEO 113 car.; descripción corta (35 pal.); 4 imágenes sin alt; sin tipo de producto; marca inconsistente (ANUA)
ANUA PDRN Collagen Glow Facial Serum Mist 100ml,ANUA,anua-pdrn-collagen-glow-facial-serum-spray,https://www.skinko.com.ar/products/anua-pdrn-collagen-glow-facial-serum-spray,102,no,36,4,4,,58,6,sin meta description; title SEO 102 car.; descripción corta (36 pal.); 4 imágenes sin alt; sin tipo de producto; marca inconsistente (ANUA)
ANUA PDRN Hyaluronic Acid Moisture Capsule Mist,ANUA,anua-pdrn-hyaluronic-acid-moisture-capsule-mist,https://www.skinko.com.ar/products/anua-pdrn-hyaluronic-acid-moisture-capsule-mist,117,no,37,4,4,,113,6,sin meta description; title SEO 117 car.; descripción corta (37 pal.); 4 imágenes sin alt; sin tipo de producto; marca inconsistente (ANUA)
ANUA PDRN Lip Serum,ANUA,anua-pdrn-lip-serum,https://www.skinko.com.ar/products/anua-pdrn-lip-serum,86,no,37,4,4,,85,6,sin meta description; title SEO 86 car.; descripción corta (37 pal.); 4 imágenes sin alt; sin tipo de producto; marca inconsistente (ANUA)
ANUA PDRN 100 Hyaluronic Acid Booster Toner,ANUA,anua-pdrn-100-hyaluronic-acid-booster-toner,https://www.skinko.com.ar/products/anua-pdrn-100-hyaluronic-acid-booster-toner,108,no,35,4,4,,167,6,sin meta description; title SEO 108 car.; descripción corta (35 pal.); 4 imágenes sin alt; sin tipo de producto; marca inconsistente (ANUA)
ANUA Invisible Glow Finish Sunscreen Stick,ANUA,anua-invisible-glow-finish-sunscreen-stick,https://www.skinko.com.ar/products/anua-invisible-glow-finish-sunscreen-stick,104,no,37,9,9,,163,6,sin meta description; title SEO 104 car.; descripción corta (37 pal.); 9 imágenes sin alt; sin tipo de producto; marca inconsistente (ANUA)
ANUA Zero-Cast Moisturizing Finish Sunscreen,ANUA,anua-zero-cast-moisturizing-finish-sunscreen,https://www.skinko.com.ar/products/anua-zero-cast-moisturizing-finish-sunscreen,112,no,35,10,10,,100,6,sin meta description; title SEO 112 car.; descripción corta (35 pal.); 10 imágenes sin alt; sin tipo de producto; marca inconsistente (ANUA)
ANUA Peach 70 Niacin Serum Face Mask,ANUA,anua-peach-70-niacin-serum-face-mask,https://www.skinko.com.ar/products/anua-peach-70-niacin-serum-face-mask,106,no,38,6,6,,201,6,sin meta description; title SEO 106 car.; descripción corta (38 pal.); 6 imágenes sin alt; sin tipo de producto; marca inconsistente (ANUA)
ANUA Heartleaf 77 Soothing Mask,ANUA,anua-heartleaf-77-soothing-mask,https://www.skinko.com.ar/products/anua-heartleaf-77-soothing-mask,95,no,35,7,7,,213,6,sin meta description; title SEO 95 car.; descripción corta (35 pal.); 7 imágenes sin alt; sin tipo de producto; marca inconsistente (ANUA)
ANUA 8 Hyaluronic Acid Catechin Cool Slim Mask,ANUA,anua-8-hyaluronic-acid-catechin-cool-slim-mask,https://www.skinko.com.ar/products/anua-8-hyaluronic-acid-catechin-cool-slim-mask,113,no,40,12,12,,94,6,sin meta description; title SEO 113 car.; descripción corta (40 pal.); 12 imágenes sin alt; sin tipo de producto; marca inconsistente (ANUA)
ANUA Retinol Niacin Night Care Mask,ANUA,anua-retinol-niacin-night-care-mask,https://www.skinko.com.ar/products/anua-retinol-niacin-night-care-mask,87,no,34,9,9,,79,6,sin meta description; title SEO 87 car.; descripción corta (34 pal.); 9 imágenes sin alt; sin tipo de producto; marca inconsistente (ANUA)
ANUA Rice 70 Intensive Moisturizing Milk Mask,ANUA,anua-rice-70-intensive-moisturizing-milk-mask,https://www.skinko.com.ar/products/anua-rice-70-intensive-moisturizing-milk-mask,112,no,37,8,8,,196,6,sin meta description; title SEO 112 car.; descripción corta (37 pal.); 8 imágenes sin alt; sin tipo de producto; marca inconsistente (ANUA)
ANUA Niacinamide TXA Serum Mask,ANUA,anua-niacinamide-txa-serum-mask,https://www.skinko.com.ar/products/anua-niacinamide-txa-serum-mask,93,no,32,9,9,,100,6,sin meta description; title SEO 93 car.; descripción corta (32 pal.); 9 imágenes sin alt; sin tipo de producto; marca inconsistente (ANUA)
ANUA Ultra-Thin Spot Cover Patch,ANUA,anua-ultra-thin-spot-cover-patch,https://www.skinko.com.ar/products/anua-ultra-thin-spot-cover-patch,101,no,34,11,11,,200,6,sin meta description; title SEO 101 car.; descripción corta (34 pal.); 11 imágenes sin alt; sin tipo de producto; marca inconsistente (ANUA)
ANUA ULTRA-THIN SPOT COVER PATCH,ANUA,anua-heartleaf-spot-patch,https://www.skinko.com.ar/products/anua-heartleaf-spot-patch,104,no,36,15,15,,188,6,sin meta description; title SEO 104 car.; descripción corta (36 pal.); 15 imágenes sin alt; sin tipo de producto; marca inconsistente (ANUA)
ANUA PDRN Discovery Set,ANUA,anua-pdrn-discovery-set,https://www.skinko.com.ar/products/anua-pdrn-discovery-set,88,no,37,6,6,,215,6,sin meta description; title SEO 88 car.; descripción corta (37 pal.); 6 imágenes sin alt; sin tipo de producto; marca inconsistente (ANUA)
MEDICUBE COLLAGEN LIFTING MASK 1u (27g) | Mascarilla colágeno efecto lifting,Medicube,medicube-collagen-lifting-mask-1ea-mascarilla-colageno-efecto-lifting,https://www.skinko.com.ar/products/medicube-collagen-lifting-mask-1ea-mascarilla-colageno-efecto-lifting,76,no,26,1,1,mascara,101,6,sin meta description; title SEO 76 car.; descripción corta (26 pal.); 1 imágenes sin alt; solo 1 imágenes; marca inconsistente (Medicube)
MEDICUBE PDRN LIP SLEEPING MASK 10g | Mascarilla Nocturna de PDRN,Medicube,medicube-pdrn-lip-sleeping-mask-mascarilla-nocturna-de-pdrn,https://www.skinko.com.ar/products/medicube-pdrn-lip-sleeping-mask-mascarilla-nocturna-de-pdrn,65,no,24,1,1,Mascara,166,6,sin meta description; title SEO 65 car.; descripción corta (24 pal.); 1 imágenes sin alt; solo 1 imágenes; marca inconsistente (Medicube)
MEDICUBE PDRN PINK TONE UP SUN CREAM 50ml | Protector solar en crema,Medicube,medicube-pdrn-pink-tone-up-sun-cream-50ml,https://www.skinko.com.ar/products/medicube-pdrn-pink-tone-up-sun-cream-50ml,68,no,30,1,1,Protector solar,64,6,sin meta description; title SEO 68 car.; descripción corta (30 pal.); 1 imágenes sin alt; solo 1 imágenes; marca inconsistente (Medicube)
MEDICUBE SOYXIDILL 2IN1 TREATMENT 265 ml | Tratamiento para caída de cabello,Medicube,medicube-soyxidill-2in1-treatment-tratamiento-para-caida-de-cabello,https://www.skinko.com.ar/products/medicube-soyxidill-2in1-treatment-tratamiento-para-caida-de-cabello,76,no,50,1,1,Tratamiento,258,6,sin meta description; title SEO 76 car.; descripción corta (50 pal.); 1 imágenes sin alt; solo 1 imágenes; marca inconsistente (Medicube)
MEDICUBE SOYXIDIL SHAMPOO 490ml | Shampoo vegetal para caída y sebo,Medicube,medicube-soyxidil-shampoo-490ml-shampoo-vegetal-para-caida-y-sebo,https://www.skinko.com.ar/products/medicube-soyxidil-shampoo-490ml-shampoo-vegetal-para-caida-y-sebo,67,no,24,1,1,Shampoo,315,6,sin meta description; title SEO 67 car.; descripción corta (24 pal.); 1 imágenes sin alt; solo 1 imágenes; marca inconsistente (Medicube)
MEDICUBE ZERO PORE BLACKHEAD DEEP CLEANSING OIL 205ml | Limpiador en Aceite para poros,Medicube,zero-pore-blackhead-deep-cleansing-oil-205ml,https://www.skinko.com.ar/products/zero-pore-blackhead-deep-cleansing-oil-205ml,86,no,29,1,1,Limpiador en aceite,59,6,sin meta description; title SEO 86 car.; descripción corta (29 pal.); 1 imágenes sin alt; solo 1 imágenes; marca inconsistente (Medicube)
"MEDICUBE - PDRN Pink Collagen Exosome Shot Serum (2000 ppm, 30 ml) | Serum de PDRN con micro-agujas",Medicube,pdrn-pink-exosome-shot-serum-2000-30ml,https://www.skinko.com.ar/products/pdrn-pink-exosome-shot-serum-2000-30ml,99,no,44,4,4,,38,6,sin meta description; title SEO 99 car.; descripción corta (44 pal.); 4 imágenes sin alt; sin tipo de producto; marca inconsistente (Medicube)
"MEDICUBE – Collagen Glow Booster Serum (15 ml) | Serum con colágeno y elastina Efecto ""Glass Glow""",Medicube,collagen-glow-booster-serum-15ml,https://www.skinko.com.ar/products/collagen-glow-booster-serum-15ml,98,no,42,4,4,,470,6,sin meta description; title SEO 98 car.; descripción corta (42 pal.); 4 imágenes sin alt; sin tipo de producto; marca inconsistente (Medicube)
MEDICUBE – Deep Vita A Retinol Serum 30 ml | Sérum antiedad con retinol en siete capas,Medicube,deep-vita-a-retinol-serum-30ml,https://www.skinko.com.ar/products/deep-vita-a-retinol-serum-30ml,86,no,35,4,4,,607,6,sin meta description; title SEO 86 car.; descripción corta (35 pal.); 4 imágenes sin alt; sin tipo de producto; marca inconsistente (Medicube)
MEDICUBE | Deep Lifting Peptide Eye Cream For Face 30ml,Medicube,deep-lifting-peptide-eye-cream-for-face-30ml,https://www.skinko.com.ar/products/deep-lifting-peptide-eye-cream-for-face-30ml,55,no,40,2,2,,132,6,sin meta description; descripción corta (40 pal.); 2 imágenes sin alt; solo 2 imágenes; sin tipo de producto; marca inconsistente (Medicube)
MEDICUBE ONE DAY EXOSOME SHOT 2000 30ml | Ampolla con micro-agujas recubiertas de exosomas,Medicube,one-day-exosome-shot-2000-30ml,https://www.skinko.com.ar/products/one-day-exosome-shot-2000-30ml,90,no,46,3,3,,465,6,sin meta description; title SEO 90 car.; descripción corta (46 pal.); 3 imágenes sin alt; sin tipo de producto; marca inconsistente (Medicube)
CENTELLIAN24 | Expert Madeca Mela Capture Ampoule Max 15ml – Ampolla Antimanchas Intensiva con Niacinamida y GLUTA-C.,CENTELLIAN24,centellian24-expert-madeca-mela-capture-ampoule-max,https://www.skinko.com.ar/products/centellian24-expert-madeca-mela-capture-ampoule-max,109,no,34,1,1,,77,6,sin meta description; title SEO 109 car.; descripción corta (34 pal.); 1 imágenes sin alt; solo 1 imágenes; sin tipo de producto
K-SECRET Seoul 1988 Boosting Ball: Collagen 100% 35mg 7Tab – Booster Reafirmante e Hidratante de Colágeno Liofilizado,K-secret,ksecret-seoul-1988-boosting-ball-collagen-100,https://www.skinko.com.ar/products/ksecret-seoul-1988-boosting-ball-collagen-100,107,no,22,2,2,,78,6,sin meta description; title SEO 107 car.; descripción corta (22 pal.); 2 imágenes sin alt; solo 2 imágenes; sin tipo de producto
MIXSOON Bean Hydrogel Eye Patch 60u – Parches para Ojos Iluminadores y Nutritivos con Extracto de Soja,MIXSOON,mixsoon-bean-hydrogel-eye-patch,https://www.skinko.com.ar/products/mixsoon-bean-hydrogel-eye-patch,98,no,23,3,3,,73,6,sin meta description; title SEO 98 car.; descripción corta (23 pal.); 3 imágenes sin alt; sin tipo de producto; marca inconsistente (MIXSOON)
MIXSOON Centella Mask Pack 1u – Mascarilla Calmante y Reparadora con Centella Asiática,MIXSOON,mixsoon-centella-mask-pack,https://www.skinko.com.ar/products/mixsoon-centella-mask-pack,83,no,21,3,3,,312,6,sin meta description; title SEO 83 car.; descripción corta (21 pal.); 3 imágenes sin alt; sin tipo de producto; marca inconsistente (MIXSOON)
MIXSOON Bifida Mask 1u – Mascarilla Fortalecedora y Equilibrante con Lisado de Fermento de Bífida,MIXSOON,mixsoon-bifida-mask-pack,https://www.skinko.com.ar/products/mixsoon-bifida-mask-pack,99,no,21,3,3,,598,6,sin meta description; title SEO 99 car.; descripción corta (21 pal.); 3 imágenes sin alt; sin tipo de producto; marca inconsistente (MIXSOON)
MIXSOON Bean Collagen Hydrogel Mask 1u  – Mascarilla Reafirmante de Hidrogel con Colágeno de Bajo Peso Molecular,MIXSOON,mixsoon-bean-collagen-hydrogel-mask-pack,https://www.skinko.com.ar/products/mixsoon-bean-collagen-hydrogel-mask-pack,108,no,25,3,3,,553,6,sin meta description; title SEO 108 car.; descripción corta (25 pal.); 3 imágenes sin alt; sin tipo de producto; marca inconsistente (MIXSOON)
MIXSOON Bean Toner Pad 70u – Discos Tonificantes Hidratantes con Extracto de 7 Legumbres,MIXSOON,mixsoon-bean-toner-pad,https://www.skinko.com.ar/products/mixsoon-bean-toner-pad,84,no,22,4,4,,84,6,sin meta description; title SEO 84 car.; descripción corta (22 pal.); 4 imágenes sin alt; sin tipo de producto; marca inconsistente (MIXSOON)
ROUNDLAB Birch Juice Moisturizing Lotion for Men 200ml – Loción Hidratante Facial con Savia de Abedul,Round Lab,round-lab-birch-juice-moisturizing-lotion-for-men,https://www.skinko.com.ar/products/round-lab-birch-juice-moisturizing-lotion-for-men,96,no,37,1,1,,162,6,sin meta description; title SEO 96 car.; descripción corta (37 pal.); 1 imágenes sin alt; solo 1 imágenes; sin tipo de producto
ROUNDLAB 1025 Dokdo Travel Routine Trial Kit (Cleanser 30ml + Toner 20ml + Ampule 10ml + Cream 20ml) – Kit de Rutina Hidratante con Agua de Mar Profunda,Round Lab,round-lab-1025-dokdo-travel-routine-trial-kit,https://www.skinko.com.ar/products/round-lab-1025-dokdo-travel-routine-trial-kit,97,no,38,2,2,,94,6,sin meta description; title SEO 97 car.; descripción corta (38 pal.); 2 imágenes sin alt; solo 2 imágenes; sin tipo de producto
TOCOBO Cotton Airy Sun Stick 11g – Protector Solar en Barra Mate con Centella Asiática,TOCOBO,tocobo-cotton-airy-sun-stick,https://www.skinko.com.ar/products/tocobo-cotton-airy-sun-stick,82,no,37,3,3,,266,6,sin meta description; title SEO 82 car.; descripción corta (37 pal.); 3 imágenes sin alt; sin tipo de producto; marca inconsistente (TOCOBO)
TOCOBO Mini Cica Cooling Sun Stick 10g – Protector Solar en Barra Calmante con Centella Asiática,TOCOBO,tocobo-mini-cica-cooling-sun-stick,https://www.skinko.com.ar/products/tocobo-mini-cica-cooling-sun-stick,92,no,37,3,3,,269,6,sin meta description; title SEO 92 car.; descripción corta (37 pal.); 3 imágenes sin alt; sin tipo de producto; marca inconsistente (TOCOBO)
TOCOBO Blur Finish Sun Cushion 13g – Protector Solar en Cojín Blanqueador y Antiarrugas con Niacinamida,TOCOBO,tocobo-blur-finish-sun-cushion,https://www.skinko.com.ar/products/tocobo-blur-finish-sun-cushion,73,no,36,4,4,,205,6,sin meta description; title SEO 73 car.; descripción corta (36 pal.); 4 imágenes sin alt; sin tipo de producto; marca inconsistente (TOCOBO)
"TOCOBO Powder Cream Lip Balm 3,5g – Bálsamo Labial Mate Hidratante con Acabado Soft-Focus",TOCOBO,tocobo-powder-cream-lip-balm,https://www.skinko.com.ar/products/tocobo-powder-cream-lip-balm,84,no,38,3,3,,656,6,sin meta description; title SEO 84 car.; descripción corta (38 pal.); 3 imágenes sin alt; sin tipo de producto; marca inconsistente (TOCOBO)
TOCOBO | Juicy Berry Plumping Lip Oil 4g,TOCOBO,tocobo-juicy-berry-plumping-lip-oil,https://www.skinko.com.ar/products/tocobo-juicy-berry-plumping-lip-oil,88,no,33,6,6,,971,6,sin meta description; title SEO 88 car.; descripción corta (33 pal.); 6 imágenes sin alt; sin tipo de producto; marca inconsistente (TOCOBO)
TORRIDEN Solid In Ceramide Lip Essence 11ml – Esencia Labial Reparadora con Complejo de Ceramidas,TORRIDEN,torriden-solid-in-ceramide-lip-essence,https://www.skinko.com.ar/products/torriden-solid-in-ceramide-lip-essence,92,no,35,3,3,,0,6,sin meta description; title SEO 92 car.; descripción corta (35 pal.); 3 imágenes sin alt; sin tipo de producto; sin stock
"UNLEASHIA Glacier Vegan Lip Balm 3,3g – Bálsamo Labial Nutritivo y Brillante con Manteca de Karité",UNLEASHIA,unleashia-glacier-vegan-lip-balm,https://www.skinko.com.ar/products/unleashia-glacier-vegan-lip-balm,81,no,36,3,3,,176,6,sin meta description; title SEO 81 car.; descripción corta (36 pal.); 3 imágenes sin alt; sin tipo de producto; marca inconsistente (UNLEASHIA)
"UNLEASHIA Shaper Defining Eyebrow Pencil 0,07g – Lápiz de Cejas Ultra Fino con Ácido Hialurónico",UNLEASHIA,unleashia-shaper-defining-eyebrow-pencil,https://www.skinko.com.ar/products/unleashia-shaper-defining-eyebrow-pencil,90,no,37,4,4,,248,6,sin meta description; title SEO 90 car.; descripción corta (37 pal.); 4 imágenes sin alt; sin tipo de producto; marca inconsistente (UNLEASHIA)
UNLEASHIA Easy Glide Flat Eyeliner #N°1 Deep Black – Delineador de Ojos de Precisión con Cera de Carnauba,UNLEASHIA,unleashia-easy-glide-flat-eyeliner,https://www.skinko.com.ar/products/unleashia-easy-glide-flat-eyeliner,89,no,39,4,4,,141,6,sin meta description; title SEO 89 car.; descripción corta (39 pal.); 4 imágenes sin alt; sin tipo de producto; marca inconsistente (UNLEASHIA)
UNLEASHIA Satin Wear Healthy 15g -Green Cushion Refill – Recarga de Base Satinada con Bakuchiol,UNLEASHIA,unleashia-satin-wear-healthy-green-cushion-refill,https://www.skinko.com.ar/products/unleashia-satin-wear-healthy-green-cushion-refill,92,no,35,4,4,,39,6,sin meta description; title SEO 92 car.; descripción corta (35 pal.); 4 imágenes sin alt; sin tipo de producto; marca inconsistente (UNLEASHIA)
UNLEASHIA Don't Touch Glass Pink Cushion 15g – Base de Maquillaje Luminosa con Ácido Hialurónico,UNLEASHIA,unleashia-dont-touch-glass-pink-cushion,https://www.skinko.com.ar/products/unleashia-dont-touch-glass-pink-cushion,92,no,36,3,3,,231,6,sin meta description; title SEO 92 car.; descripción corta (36 pal.); 3 imágenes sin alt; sin tipo de producto; marca inconsistente (UNLEASHIA)
MADECA21 Teca Solution Soothing Mist Toner 200ml – Tónico Facial Calmante en Bruma con Centella Asiática,MADECA21 (by centellian),madeca21-teca-solution-soothing-mist-toner,https://www.skinko.com.ar/products/madeca21-teca-solution-soothing-mist-toner,114,no,24,2,2,,59,6,sin meta description; title SEO 114 car.; descripción corta (24 pal.); 2 imágenes sin alt; solo 2 imágenes; sin tipo de producto
MADECA21 Tecassoside Calming Ampoule 20ml – Ampolla Facial Calmante y Antimanchas con TECAsoide™,MADECA21 (by centellian),madeca21-tecassoside-calming-ampoule,https://www.skinko.com.ar/products/madeca21-tecassoside-calming-ampoule,91,no,22,2,2,,111,6,sin meta description; title SEO 91 car.; descripción corta (22 pal.); 2 imágenes sin alt; solo 2 imágenes; sin tipo de producto
MADECA21 Tecassoside Calming Wash Off Pack 30ml – Mascarilla Facial Calmante y Refrescante con TECAsoide™,MADECA21 (by centellian),madeca21-tecassoside-calming-wash-off-pack,https://www.skinko.com.ar/products/madeca21-tecassoside-calming-wash-off-pack,100,no,25,2,2,,129,6,sin meta description; title SEO 100 car.; descripción corta (25 pal.); 2 imágenes sin alt; solo 2 imágenes; sin tipo de producto
MADECA21 Tecassoside Calming Cream 30ml – Crema Facial Hidratante y Reparadora con TECAsoide™,MADECA21 (by centellian),madeca21-tecassoside-calming-cream,https://www.skinko.com.ar/products/madeca21-tecassoside-calming-cream,81,no,27,2,2,,219,6,sin meta description; title SEO 81 car.; descripción corta (27 pal.); 2 imágenes sin alt; solo 2 imágenes; sin tipo de producto
MADECA21 Tecassoside Calming Pad 12u – Pads Calmantes e Hidratantes Faciales con TECAsoide™,MADECA21 (by centellian),madeca21-tecassoside-calming-pad,https://www.skinko.com.ar/products/madeca21-tecassoside-calming-pad,78,no,25,2,2,,172,6,sin meta description; title SEO 78 car.; descripción corta (25 pal.); 2 imágenes sin alt; solo 2 imágenes; sin tipo de producto
MEDI-PEEL Peptide 9 Volume And Tension Tox Cream Pro 50g – Crema Reafirmante Efecto Lifting con Volufiline,MEDIPEEL,medi-peel-peptide-9-volume-and-tension-tox-cream-pro,https://www.skinko.com.ar/products/medi-peel-peptide-9-volume-and-tension-tox-cream-pro,102,no,24,3,3,,0,6,sin meta description; title SEO 102 car.; descripción corta (24 pal.); 3 imágenes sin alt; sin tipo de producto; sin stock
MEDI-PEEL Bio Sun Stick PRO 20g – Protector Solar en Barra Antimanchas con Bio-Péptidos y Niacinamida,MEDIPEEL,medi-peel-bio-sun-stick-pro,https://www.skinko.com.ar/products/medi-peel-bio-sun-stick-pro,97,no,22,4,4,,27,6,"sin meta description; title SEO 97 car.; descripción corta (22 pal.); 4 imágenes sin alt; sin tipo de producto; claim ""trata"""
MEDICUBE Hyaluronic Moisturizing Capsule Cream 55g – Crema Hidratante Intensiva con Cápsulas de Ácido Hialurónico,MEDICUBE,medicube-hyaluronic-moisturizing-capsule-cream,https://www.skinko.com.ar/products/medicube-hyaluronic-moisturizing-capsule-cream,97,no,23,3,3,,190,6,sin meta description; title SEO 97 car.; descripción corta (23 pal.); 3 imágenes sin alt; sin tipo de producto; marca inconsistente (MEDICUBE)
MEDICUBE Hypochlorous Acid Daily Facial Spray 125ml – Bruma Purificante y Equilibrante con Ácido Hipocloroso,MEDICUBE,medicube-hypochlorous-acid-daily-facial-spray,https://www.skinko.com.ar/products/medicube-hypochlorous-acid-daily-facial-spray,102,no,26,3,3,,246,6,sin meta description; title SEO 102 car.; descripción corta (26 pal.); 3 imágenes sin alt; sin tipo de producto; marca inconsistente (MEDICUBE)
MEDICUBE Kojic Acid Turmeric Niacinamide Serum 30ml – Sérum Corrector de Manchas e Iluminador con Ácido Kójico,MEDICUBE,medicube-kojic-acid-turmeric-niacinamide-serum,https://www.skinko.com.ar/products/medicube-kojic-acid-turmeric-niacinamide-serum,105,no,25,3,3,,266,6,sin meta description; title SEO 105 car.; descripción corta (25 pal.); 3 imágenes sin alt; sin tipo de producto; marca inconsistente (MEDICUBE)
MEDICUBE Kojic Acid Turmeric Vita Capsule Cream 53g – Crema Iluminadora y Perfeccionadora con Ácido Kójico,MEDICUBE,medicube-kojic-acid-turmeric-vita-capsule-cream,https://www.skinko.com.ar/products/medicube-kojic-acid-turmeric-vita-capsule-cream,110,no,22,4,4,,325,6,sin meta description; title SEO 110 car.; descripción corta (22 pal.); 4 imágenes sin alt; sin tipo de producto; marca inconsistente (MEDICUBE)
MEDICUBE PDRN Collagen Glow Jelly Serum 30ml – Sérum Reafirmante e Iluminador con PDRN de Salmón,MEDICUBE,medicube-pdrn-collagen-glow-jelly-serum,https://www.skinko.com.ar/products/medicube-pdrn-collagen-glow-jelly-serum,91,no,27,3,3,,257,6,sin meta description; title SEO 91 car.; descripción corta (27 pal.); 3 imágenes sin alt; sin tipo de producto; marca inconsistente (MEDICUBE)
PYUNKANG YUL Black Tea Time Reverse Eye Cream 25ml – Crema de Ojos Antiedad con Té Negro Fermentado,PYUNKANG YUL,pyunkang-yul-black-tea-time-reverse-eye-cream,https://www.skinko.com.ar/products/pyunkang-yul-black-tea-time-reverse-eye-cream,94,no,28,3,3,,174,6,"sin meta description; title SEO 94 car.; descripción corta (28 pal.); 3 imágenes sin alt; sin tipo de producto; claim ""trata"""
FURRIKY SilkShield Hair Mist Glow Belle 90ml – Bruma Capilar Hidratante e Iluminadora con Complejo de Péptidos,FURRIKY,furriky-silkshield-hair-mist-glow-belle,https://www.skinko.com.ar/products/furriky-silkshield-hair-mist-glow-belle,106,no,20,2,2,,152,6,sin meta description; title SEO 106 car.; descripción corta (20 pal.); 2 imágenes sin alt; solo 2 imágenes; sin tipo de producto
FWEE 3D Voluming Gloss 70% 5.3g – Brillo Labial Voluminizador Efecto Cristal con Polímeros de Alto Brillo y Aceite de Camelia,FWEE,fwee-3d-voluming-gloss-70,https://www.skinko.com.ar/products/fwee-3d-voluming-gloss-70,87,no,21,13,13,,274,6,sin meta description; title SEO 87 car.; descripción corta (21 pal.); 13 imágenes sin alt; sin tipo de producto; marca inconsistente (FWEE)
Some By Mi Pdrn Spirulina Poreless Primer 10g – Primer Facial Perfeccionador Con Pdrn De Salmón,SOMEBYME,some-by-mi-pdrn-spirulina-poreless-primer,https://www.skinko.com.ar/products/some-by-mi-pdrn-spirulina-poreless-primer,91,no,34,4,4,,110,6,"sin meta description; title SEO 91 car.; descripción corta (34 pal.); 4 imágenes sin alt; sin tipo de producto; claim ""trata"""
MARY&MAY Houttuynia Cordata + Tea Tree Serum 30ml – Sérum Calmante y Purificante de Poros con Houttuynia,MARY&MAY,mary-may-houttuynia-cordata-tea-tree-serum,https://www.skinko.com.ar/products/mary-may-houttuynia-cordata-tea-tree-serum,107,no,26,4,4,,182,6,sin meta description; title SEO 107 car.; descripción corta (26 pal.); 4 imágenes sin alt; sin tipo de producto; marca inconsistente (MARY&MAY)
MARY&MAY 6 Peptide Complex Serum 30ml – Sérum Antiedad y Regenerador con Complejo de 6 Péptidos,MARY&MAY,mary-may-6-peptide-complex-serum,https://www.skinko.com.ar/products/mary-may-6-peptide-complex-serum,88,no,24,3,3,,109,6,sin meta description; title SEO 88 car.; descripción corta (24 pal.); 3 imágenes sin alt; sin tipo de producto; marca inconsistente (MARY&MAY)
MARY&MAY Idebenone + Blackberry Complex Serum 30ml – Sérum Antioxidante e Iluminador con Idebenona,MARY&MAY,mary-may-idebenone-blackberry-complex-serum,https://www.skinko.com.ar/products/mary-may-idebenone-blackberry-complex-serum,93,no,23,4,4,,173,6,sin meta description; title SEO 93 car.; descripción corta (23 pal.); 4 imágenes sin alt; sin tipo de producto; marca inconsistente (MARY&MAY)
MARY&MAY Sensitive Soothing Gel Cream 70g – Crema Gel Calmante y Anti-imperfecciones con Houttuynia,MARY&MAY,mary-may-sensitive-soothing-gel-cream,https://www.skinko.com.ar/products/mary-may-sensitive-soothing-gel-cream,103,no,24,4,4,,190,6,sin meta description; title SEO 103 car.; descripción corta (24 pal.); 4 imágenes sin alt; sin tipo de producto; marca inconsistente (MARY&MAY)
MARY&MAY Idebenone Blackberry Intense Cream 70g – Crema Antioxidante y Reafirmante con Idebenona,MARY&MAY,mary-may-idebenone-blackberry-intense-cream,https://www.skinko.com.ar/products/mary-may-idebenone-blackberry-intense-cream,92,no,23,3,3,,142,6,sin meta description; title SEO 92 car.; descripción corta (23 pal.); 3 imágenes sin alt; sin tipo de producto; marca inconsistente (MARY&MAY)
MARY&MAY White Collagen Cleansing Foam 150ml – Limpiador Facial Iluminador y Reafirmante con Colágeno,MARY&MAY,mary-may-white-collagen-cleansing-foam,https://www.skinko.com.ar/products/mary-may-white-collagen-cleansing-foam,107,no,23,4,4,,248,6,sin meta description; title SEO 107 car.; descripción corta (23 pal.); 4 imágenes sin alt; sin tipo de producto; marca inconsistente (MARY&MAY)
MARY&MAY Tranexamic Acid + Glutathione Eye Cream 30g – Crema para Contorno de Ojos Aclarante con Ácido Tranexámico,MARY&MAY,mary-may-tranexamic-acid-glutathione-eye-cream,https://www.skinko.com.ar/products/mary-may-tranexamic-acid-glutathione-eye-cream,110,no,23,4,4,,32,6,sin meta description; title SEO 110 car.; descripción corta (23 pal.); 4 imágenes sin alt; sin tipo de producto; marca inconsistente (MARY&MAY)
MARY&MAY Niacinamide Vitamin C Brightening Mask 30u – Mascarilla Facial Iluminadora y Antimanchas con Vitamina C,MARY&MAY,mary-may-niacinamide-vitamin-c-brightening-mask,https://www.skinko.com.ar/products/mary-may-niacinamide-vitamin-c-brightening-mask,109,no,24,4,4,,7,6,sin meta description; title SEO 109 car.; descripción corta (24 pal.); 4 imágenes sin alt; sin tipo de producto; marca inconsistente (MARY&MAY)
MARY&MAY Collagen Peptide Vital Mask 30u – Mascarilla Facial Reafirmante y Antiarrugas con Colágeno,MARY&MAY,mary-may-collagen-peptide-vital-mask,https://www.skinko.com.ar/products/mary-may-collagen-peptide-vital-mask,118,no,23,4,4,,61,6,sin meta description; title SEO 118 car.; descripción corta (23 pal.); 4 imágenes sin alt; sin tipo de producto; marca inconsistente (MARY&MAY)
MARY&MAY Premium Idebenone Blackberry Complex Essence Mask 20u – Mascarilla Facial Antioxidante e Iluminadora,MARY&MAY,mary-may-premium-idebenone-blackberry-complex-essence-mask,https://www.skinko.com.ar/products/mary-may-premium-idebenone-blackberry-complex-essence-mask,119,no,20,4,4,,203,6,sin meta description; title SEO 119 car.; descripción corta (20 pal.); 4 imágenes sin alt; sin tipo de producto; marca inconsistente (MARY&MAY)
MARY&MAY Vegan Blackberry Complex Cream Essence 140ml – Esencia Hidratante y Antioxidante con Blackberry Extract,MARY&MAY,mary-may-vegan-blackberry-complex-cream-essence,https://www.skinko.com.ar/products/mary-may-vegan-blackberry-complex-cream-essence,106,no,23,4,4,,187,6,sin meta description; title SEO 106 car.; descripción corta (23 pal.); 4 imágenes sin alt; sin tipo de producto; marca inconsistente (MARY&MAY)
MARY&MAY Spicule Retinol PDRN Cream 15g – Crema Renovadora de Poros y Arrugas con Retinol Liposomado,MARY&MAY,mary-may-spicule-retinol-pdrn-cream,https://www.skinko.com.ar/products/mary-may-spicule-retinol-pdrn-cream,96,no,25,4,4,,3,6,sin meta description; title SEO 96 car.; descripción corta (25 pal.); 4 imágenes sin alt; sin tipo de producto; marca inconsistente (MARY&MAY)
MARY&MAY Spicule Collagen PDRN Cream 15g – Crema Renovadora y Reafirmante con Colágeno Marino,MARYMAY,mary-may-spicule-collagen-pdrn-cream,https://www.skinko.com.ar/products/mary-may-spicule-collagen-pdrn-cream,89,no,23,4,4,,68,6,sin meta description; title SEO 89 car.; descripción corta (23 pal.); 4 imágenes sin alt; sin tipo de producto; marca inconsistente (MARYMAY)
FILLIMILLI S Fitting Flat Foundation Brush 826 1 pza – Brocha Plana para Base con Fibras Sintéticas de Alta Densidad,FILLIMILLI,fillimilli-s-fitting-flat-foundation-brush-826,https://www.skinko.com.ar/products/fillimilli-s-fitting-flat-foundation-brush-826,110,no,41,2,2,,56,6,sin meta description; title SEO 110 car.; descripción corta (41 pal.); 2 imágenes sin alt; solo 2 imágenes; sin tipo de producto
FILLIMILLI Eye Makeup Brush Kit 6 pzs – Juego de Brochas para Ojos con Cerdas Sintéticas Premium,FILLIMILLI,fillimilli-eye-makeup-brush-kit-6p,https://www.skinko.com.ar/products/fillimilli-eye-makeup-brush-kit-6p,90,no,33,2,2,,92,6,sin meta description; title SEO 90 car.; descripción corta (33 pal.); 2 imágenes sin alt; solo 2 imágenes; sin tipo de producto
FILLIMILLI Wide Fit Eyelash Curler (24R) 1 pza – Rizador de Pestañas Gran Apertura con Acero Inoxidable,FILLIMILLI,fillimilli-wide-fit-eyelash-curler-24r,https://www.skinko.com.ar/products/fillimilli-wide-fit-eyelash-curler-24r,97,no,36,2,2,,175,6,sin meta description; title SEO 97 car.; descripción corta (36 pal.); 2 imágenes sin alt; solo 2 imágenes; sin tipo de producto
FILLIMILLI Dual Makeup Spatula 1 pza – Espátula para Base de Maquillaje con Acero Inoxidable Higiénico,FILLIMILLI,fillimilli-dual-makeup-spatula,https://www.skinko.com.ar/products/fillimilli-dual-makeup-spatula,96,no,36,2,2,,97,6,sin meta description; title SEO 96 car.; descripción corta (36 pal.); 2 imágenes sin alt; solo 2 imágenes; sin tipo de producto
FILLIMILLI Pimple Extractor 1 pza – Extractor de Comedones e Imperfecciones con Acero Inoxidable Higiénico,FILLIMILLI,fillimilli-pimple-extractor,https://www.skinko.com.ar/products/fillimilli-pimple-extractor,100,no,34,2,2,,43,6,sin meta description; title SEO 100 car.; descripción corta (34 pal.); 2 imágenes sin alt; solo 2 imágenes; sin tipo de producto
Wakemake Spatula Wide Foundation Brush 1u – Brocha Para Base De Maquillaje De Alta Precisión Con Fibras Sintéticas Premium,WAKEMAKE,wakemake-spatula-wide-foundation-brush,https://www.skinko.com.ar/products/wakemake-spatula-wide-foundation-brush,119,no,33,2,2,,35,6,sin meta description; title SEO 119 car.; descripción corta (33 pal.); 2 imágenes sin alt; solo 2 imágenes; sin tipo de producto
PERIPERA V Shading 9.5g – Contorno Facial en Polvo con Talco de Micropartículas y Acabado Natural,PERIPERA,peripera-v-shading-9-5g-contorno-facial-en-polvo-con-talco-de-microparticulas-y-acabado-natural,https://www.skinko.com.ar/products/peripera-v-shading-9-5g-contorno-facial-en-polvo-con-talco-de-microparticulas-y-acabado-natural,97,no,37,4,4,,182,6,sin meta description; title SEO 97 car.; descripción corta (37 pal.); 4 imágenes sin alt; sin tipo de producto; URL larga
Limpiador Facial Gel Espuma Medicube con PDRN 99% Limpieza Profunda e Hidratación,MEDICUBE,limpiador-facial-gel-espuma-medicube-con-pdrn-99-limpieza-profunda-e-hidratacion,https://www.skinko.com.ar/products/limpiador-facial-gel-espuma-medicube-con-pdrn-99-limpieza-profunda-e-hidratacion,81,no,223,2,2,Limpiador,163,6,sin meta description; title SEO 81 car.; 2 imágenes sin alt; solo 2 imágenes; marca inconsistente (MEDICUBE); URL larga
"Medicube PDRN Pink Collagen Multi Balm | Bálsamo Facial Coreano con PDRN, Colágeno, Volufiline y NAD+",MEDICUBE,medicube-pdrn-pink-collagen-multi-balm-balsamo-facial-coreano-con-pdrn-colageno-volufiline-y-nad,https://www.skinko.com.ar/products/medicube-pdrn-pink-collagen-multi-balm-balsamo-facial-coreano-con-pdrn-colageno-volufiline-y-nad,101,no,130,4,4,balsamo,58,6,sin meta description; title SEO 101 car.; 4 imágenes sin alt; marca inconsistente (MEDICUBE); H1 duplicado en descripción; URL larga
APLB Crema Facial EGF Peptidos 55ml Crema Hidratante Con Colágeno Hidrolizado,APLB,aplb-crema-facial-egf-peptidos-55ml-crema-hidratante-con-colageno-hidrolizado,https://www.skinko.com.ar/products/aplb-crema-facial-egf-peptidos-55ml-crema-hidratante-con-colageno-hidrolizado,77,no,192,2,2,crema,0,6,sin meta description; title SEO 77 car.; 2 imágenes sin alt; solo 2 imágenes; URL larga; sin stock
CENTELLIAN 24 Expert Madeca Cream Active Renew PDRN 50ml - Crema Facial,CENTELLIAN24,centellian-24-madeca-cream-time-reverse-crema-facial-antiedad-con-teca-y-centella-asiatica-reafirma-hidrata-y-reduce-arrugas-fortalece-la-barrera-cutanea-50-ml,https://www.skinko.com.ar/products/centellian-24-madeca-cream-time-reverse-crema-facial-antiedad-con-teca-y-centella-asiatica-reafirma-hidrata-y-reduce-arrugas-fortalece-la-barrera-cutanea-50-ml,71,no,77,2,2,Crema facial,43,6,sin meta description; title SEO 71 car.; descripción corta (77 pal.); 2 imágenes sin alt; solo 2 imágenes; URL larga
"VT COSMETICS Retinal Pro Cream 0.1 Crema Facial Antiedad PDRN, EGF y NMN 20 ml",VT Cosmetics,vt-cosmetics-retinal-pro-cream-0-1-crema-facial-antiedad-con-retinal-pdrn-egf-y-nmn-reafirma-reduce-arrugas-y-fortalece-la-barrera-cutanea-20-ml,https://www.skinko.com.ar/products/vt-cosmetics-retinal-pro-cream-0-1-crema-facial-antiedad-con-retinal-pdrn-egf-y-nmn-reafirma-reduce-arrugas-y-fortalece-la-barrera-cutanea-20-ml,78,no,37,4,4,Crema facial,84,6,sin meta description; title SEO 78 car.; descripción corta (37 pal.); 4 imágenes sin alt; marca inconsistente (VT Cosmetics); URL larga
MEDICUBE AGE-R Booster Pro X2 Pink Dispositivo Facial 7 en 1 con Electroporación,MEDICUBE,medicube-age-r-booster-pro-x2-pink-dispositivo-facial-7-en-1-con-electroporacion-ems-y-terapia-led-reafirma-aporta-firmeza-y-luminosidad-dispositivo-k-beauty,https://www.skinko.com.ar/products/medicube-age-r-booster-pro-x2-pink-dispositivo-facial-7-en-1-con-electroporacion-ems-y-terapia-led-reafirma-aporta-firmeza-y-luminosidad-dispositivo-k-beauty,80,no,247,1,1,Beauty tech,98,6,sin meta description; title SEO 80 car.; 1 imágenes sin alt; solo 1 imágenes; marca inconsistente (MEDICUBE); URL larga
Medicube Age-R Booster Pro head cleanser Cabezal Limpiador  De Silicona Limpieza Facial Profunda,Skinko,medicube-age-r-booster-pro-cabezal-limpiador-de-silicona-limpieza-facial-profunda,https://www.skinko.com.ar/products/medicube-age-r-booster-pro-cabezal-limpiador-de-silicona-limpieza-facial-profunda,96,no,59,3,3,,99,6,sin meta description; title SEO 96 car.; descripción corta (59 pal.); 3 imágenes sin alt; sin tipo de producto; URL larga
COSRX Low pH Niacinamide Micellar Cleansing Water 400 ml - Agua Micelar de Bajo PH,COSRX,cosrx-low-ph-niacinamide-micellar-cleansing-water-400-ml-agua-micelar-de-bajo-ph,https://www.skinko.com.ar/products/cosrx-low-ph-niacinamide-micellar-cleansing-water-400-ml-agua-micelar-de-bajo-ph,82,no,67,3,3,,120,6,sin meta description; title SEO 82 car.; descripción corta (67 pal.); 3 imágenes sin alt; sin tipo de producto; URL larga
MEDICUBE PDRN Glow Gift Set - Set de Regalo Rutina Facial Mini (4 Piezas),Medicube,medicube-pdrn-glow-gift-set-set-de-regalo-rutina-facial-mini-5-piezas,https://www.skinko.com.ar/products/medicube-pdrn-glow-gift-set-set-de-regalo-rutina-facial-mini-5-piezas,73,no,72,4,4,,33,6,sin meta description; title SEO 73 car.; descripción corta (72 pal.); 4 imágenes sin alt; sin tipo de producto; marca inconsistente (Medicube)
FILLIMILLI Point Cutting Lashes 01 Super Long C Curl (11mm) - Pestañas Postizas,FILLIMILLI,fillimilli-point-cutting-lashes-01-super-long-c-curl-11mm-pestanas-postizas,https://www.skinko.com.ar/products/fillimilli-point-cutting-lashes-01-super-long-c-curl-11mm-pestanas-postizas,79,no,73,3,3,,45,6,sin meta description; title SEO 79 car.; descripción corta (73 pal.); 3 imágenes sin alt; sin tipo de producto; URL larga
FILLIMILLI Point Cutting Lashes 02 Natural J Curl (10mm) - Pestañas Postizas,FILLIMILLI,fillimilli-point-cutting-lashes-02-natural-j-curl-10mm-pestanas-postizas,https://www.skinko.com.ar/products/fillimilli-point-cutting-lashes-02-natural-j-curl-10mm-pestanas-postizas,76,no,69,4,4,,104,6,sin meta description; title SEO 76 car.; descripción corta (69 pal.); 4 imágenes sin alt; sin tipo de producto; URL larga
FILLIMILLI Point Cutting Lash 04 New Smoky J Curl (12mm) - Pestañas Postizas,FILLIMILLI,fillimilli-point-cutting-lash-04-new-smoky-j-curl-12mm-pestanas-postizas,https://www.skinko.com.ar/products/fillimilli-point-cutting-lash-04-new-smoky-j-curl-12mm-pestanas-postizas,76,no,76,3,3,,34,6,sin meta description; title SEO 76 car.; descripción corta (76 pal.); 3 imágenes sin alt; sin tipo de producto; URL larga
FILLIMILLI Point Piece Lashes 08 Clear Daily (10mm) (60 piezas) -Pestañas Postizas,FILLIMILLI,fillimilli-point-piece-lashes-08-clear-daily-10mm-60-piezas-pestanas-postizas,https://www.skinko.com.ar/products/fillimilli-point-piece-lashes-08-clear-daily-10mm-60-piezas-pestanas-postizas,82,no,77,3,3,,102,6,sin meta description; title SEO 82 car.; descripción corta (77 pal.); 3 imágenes sin alt; sin tipo de producto; URL larga
"FILLIMILLI Point Piece Lashes 04 A Shape (9, 10, 11mm) (90 piezas) Pestañas Postizas",Skinko,fillimilli-point-piece-lashes-04-a-shape-9-10-11mm-90-piezas-pestanas-postizas,https://www.skinko.com.ar/products/fillimilli-point-piece-lashes-04-a-shape-9-10-11mm-90-piezas-pestanas-postizas,84,no,82,2,2,,101,6,sin meta description; title SEO 84 car.; 2 imágenes sin alt; solo 2 imágenes; sin tipo de producto; URL larga
FILLIMILLI Powder Tok Tok Puff (5 piezas) Esponja de Maquillaje,FILLIMILLI,fillimilli-powder-tok-tok-puff-5-piezas-esponja-de-maquillaje,https://www.skinko.com.ar/products/fillimilli-powder-tok-tok-puff-5-piezas-esponja-de-maquillaje,63,no,74,1,1,,102,6,sin meta description; title SEO 63 car.; descripción corta (74 pal.); 1 imágenes sin alt; solo 1 imágenes; sin tipo de producto
FILLIMILLI Standard Fit Eyelash Curler (21R) Arqueador de Pestañas,FILLIMILLI,fillimilli-standard-fit-eyelash-curler-21r-arqueador-de-pestanas,https://www.skinko.com.ar/products/fillimilli-standard-fit-eyelash-curler-21r-arqueador-de-pestanas,66,no,72,1,1,,106,6,sin meta description; title SEO 66 car.; descripción corta (72 pal.); 1 imágenes sin alt; solo 1 imágenes; sin tipo de producto
COSRX PDRN Exosome Skinplaning Glaze Mask 50 ml - Mascarilla Facial Reafirmante e Iluminadora,COSRX,cosrx-pdrn-exosome-skinplaning-glaze-mask-50-ml-mascarilla-facial-reafirmante-e-iluminadora,https://www.skinko.com.ar/products/cosrx-pdrn-exosome-skinplaning-glaze-mask-50-ml-mascarilla-facial-reafirmante-e-iluminadora,93,no,43,4,4,,138,6,sin meta description; title SEO 93 car.; descripción corta (43 pal.); 4 imágenes sin alt; sin tipo de producto; URL larga
VT COSMETICS Glow Essential Mini Trial - Kit Facial,VT Cosmetics,vt-cosmetics-glow-essential-mini-trial-kit-facial,https://www.skinko.com.ar/products/vt-cosmetics-glow-essential-mini-trial-kit-facial,51,no,48,2,2,,99,6,sin meta description; descripción corta (48 pal.); 2 imágenes sin alt; solo 2 imágenes; sin tipo de producto; marca inconsistente (VT Cosmetics)
ABIB Heartleaf TECA Capsule Serum Calming Drop 50ml | Serum para piel acnéica,Abib,heartleaf-teca-capsule-serum-calming-drop-50ml,https://www.skinko.com.ar/products/heartleaf-teca-capsule-serum-calming-drop-50ml,77,no,77,3,3,serum,165,5,sin meta description; title SEO 77 car.; descripción corta (77 pal.); 3 imágenes sin alt; marca inconsistente (Abib)
ABIB PDRN Collagen Lip Mask Glazed Jelly 11g,Abib,pdrn-collagen-lip-mask-glazed-jelly-11g,https://www.skinko.com.ar/products/pdrn-collagen-lip-mask-glazed-jelly-11g,44,no,63,3,3,,77,5,sin meta description; descripción corta (63 pal.); 3 imágenes sin alt; sin tipo de producto; marca inconsistente (Abib)
VT Cosmetics COLLAGEN REEDLE SHOT 100 50ml | Serum de Microagujas con colágeno,VT Cosmetics,collagen-reedle-shot-100-50ml,https://www.skinko.com.ar/products/collagen-reedle-shot-100-50ml,78,no,92,3,3,,532,5,sin meta description; title SEO 78 car.; 3 imágenes sin alt; sin tipo de producto; marca inconsistente (VT Cosmetics)
VT VITA-LIGHT REEDLE SHOT 100 2ml x 10u | 10 mini unidades de Serum de microagujas 100,VT Cosmetics,vita-light-reedle-shot-100-2ml-x-10u,https://www.skinko.com.ar/products/vita-light-reedle-shot-100-2ml-x-10u,86,no,84,3,3,,627,5,sin meta description; title SEO 86 car.; 3 imágenes sin alt; sin tipo de producto; marca inconsistente (VT Cosmetics)
VT Cosmetics COLLAGEN REEDLE SHOT 100 2ml x 10u | 10 mini unidades de serum con colágeno y microagujas,VT Cosmetics,collagen-reedle-shot-100-2ml-x-10u,https://www.skinko.com.ar/products/collagen-reedle-shot-100-2ml-x-10u,102,no,92,3,3,,521,5,sin meta description; title SEO 102 car.; 3 imágenes sin alt; sin tipo de producto; marca inconsistente (VT Cosmetics)
MIXSOON | Mini Glass Skin Suit Case (Clear Type),Mixsoon,glass-skin-suit-case-clear-type,https://www.skinko.com.ar/products/glass-skin-suit-case-clear-type,48,no,286,1,1,,68,5,sin meta description; 1 imágenes sin alt; solo 1 imágenes; sin tipo de producto; marca inconsistente (Mixsoon)
COSRX THE PEPTIDE COLLAGEN HYDROGEL EYE PATCH 60u | Parche de ojos con colágeno,COSRX,the-peptide-collagen-hydrogel-eye-patch-85g,https://www.skinko.com.ar/products/the-peptide-collagen-hydrogel-eye-patch-85g,79,no,35,3,3,,1,5,sin meta description; title SEO 79 car.; descripción corta (35 pal.); 3 imágenes sin alt; sin tipo de producto
COSRX THE PEPTIDE COLLAGEN LIFTING GLOW HYDROGEL MASK 3u | Máscara lifting glow con colágeno. 3 UNIDADES,COSRX,the-peptide-collagen-lifting-glow-hydrogel-mask-34g,https://www.skinko.com.ar/products/the-peptide-collagen-lifting-glow-hydrogel-mask-34g,104,no,28,3,3,,121,5,sin meta description; title SEO 104 car.; descripción corta (28 pal.); 3 imágenes sin alt; sin tipo de producto
COSRX THE 6 PEPTIDE SKIN BOOSTER SERUM 150mL | Serum booster de péptidos,COSRX,the-6-peptide-skin-booster-serum-150ml,https://www.skinko.com.ar/products/the-6-peptide-skin-booster-serum-150ml,72,no,78,3,3,,95,5,sin meta description; title SEO 72 car.; descripción corta (78 pal.); 3 imágenes sin alt; sin tipo de producto
COSRX THE NIACINAMIDE 15 SERUM 20mL | Serum con un 15% de niacinamida,COSRX,the-niacinamide-15-serum-20ml,https://www.skinko.com.ar/products/the-niacinamide-15-serum-20ml,69,no,59,3,3,,478,5,sin meta description; title SEO 69 car.; descripción corta (59 pal.); 3 imágenes sin alt; sin tipo de producto
COSRX ADVANCED THE VITAMIN C 23 SERUM 20g | Serum con 23% de Vitamina C pura,COSRX,the-vitamin-c-23-serum-20ml,https://www.skinko.com.ar/products/the-vitamin-c-23-serum-20ml,76,no,57,6,6,,154,5,sin meta description; title SEO 76 car.; descripción corta (57 pal.); 6 imágenes sin alt; sin tipo de producto
COSRX THE RETINOL 0.3 CREAM 20mL | Crema con 0.3% de Retinol Puro,COSRX,the-retinol-0-3-cream-20ml,https://www.skinko.com.ar/products/the-retinol-0-3-cream-20ml,65,no,48,3,3,,966,5,sin meta description; title SEO 65 car.; descripción corta (48 pal.); 3 imágenes sin alt; sin tipo de producto
COSRX THE HYALURONIC ACID 3 SERUM 20mL | Serum con Ácido Hialurónico al 3%,COSRX,the-hyaluronic-acid-3-serum-20ml,https://www.skinko.com.ar/products/the-hyaluronic-acid-3-serum-20ml,74,no,58,3,3,,405,5,sin meta description; title SEO 74 car.; descripción corta (58 pal.); 3 imágenes sin alt; sin tipo de producto
COSRX THE ALPHA ARBUTIN 2 DISCOLORATION SERUM 50mL | Serum con Arbutín para manchas,COSRX,the-alpha-arbutin-2-discoloration-serum-50ml,https://www.skinko.com.ar/products/the-alpha-arbutin-2-discoloration-serum-50ml,83,no,55,3,3,,978,5,sin meta description; title SEO 83 car.; descripción corta (55 pal.); 3 imágenes sin alt; sin tipo de producto
COSRX ADVANCED SNAIL 92 ALL IN ONE CREAM TUBE 50mL | Crema con 92% de Mucina de caracolUBE 50mL | Crema 92% de Mucina de caracol,COSRX,advanced-snail-92-all-in-one-cream-tube-50g,https://www.skinko.com.ar/products/advanced-snail-92-all-in-one-cream-tube-50g,128,no,45,3,3,,171,5,sin meta description; title SEO 128 car.; descripción corta (45 pal.); 3 imágenes sin alt; sin tipo de producto
COSRX ADVANCED SNAIL 96 MUCIN POWER ESSENCE 100mL | Esencia con 96% de Mucina de caracol,COSRX,advanced-snail-96-mucin-power-essence-100ml,https://www.skinko.com.ar/products/advanced-snail-96-mucin-power-essence-100ml,88,no,44,3,3,,308,5,sin meta description; title SEO 88 car.; descripción corta (44 pal.); 3 imágenes sin alt; sin tipo de producto
COSRX ADVANCED SNAIL PEPTIDE EYE CREAM 25mL | Contorno de ojos con Péptidos y mucina de Caracol,COSRX,advanced-snail-peptide-eye-cream-25ml,https://www.skinko.com.ar/products/advanced-snail-peptide-eye-cream-25ml,95,no,46,3,3,,849,5,sin meta description; title SEO 95 car.; descripción corta (46 pal.); 3 imágenes sin alt; sin tipo de producto
"COSRX CLEAR FIT MASTER PATCH | Parche para cubrir y tratar acné discretamente, 18u",COSRX,master-patch-clear-fit-18-u,https://www.skinko.com.ar/products/master-patch-clear-fit-18-u,82,no,69,3,3,,1535,5,sin meta description; title SEO 82 car.; descripción corta (69 pal.); 3 imágenes sin alt; sin tipo de producto
"COSRX MASTER PATCH ORIGINAL FIT | Parche para cubrir y tratar Acné tamaño Original Fit, 24u",COSRX,master-patch-original-fit-24-u,https://www.skinko.com.ar/products/master-patch-original-fit-24-u,91,no,55,3,3,,2003,5,sin meta description; title SEO 91 car.; descripción corta (55 pal.); 3 imágenes sin alt; sin tipo de producto
COSRX MASTER PATCH X-LARGE 10u | Parche para cubrir y tratar espinillas grandes o zonas amplias,COSRX,master-patch-x-large-10-u,https://www.skinko.com.ar/products/master-patch-x-large-10-u,95,no,65,3,3,,1175,5,sin meta description; title SEO 95 car.; descripción corta (65 pal.); 3 imágenes sin alt; sin tipo de producto
COSRX LOW PH GOOD MORNING GEL CLEANSER 150mL | Limpiador en Gel suave con bajo pH,COSRX,low-ph-good-morning-gel-cleanser-150ml,https://www.skinko.com.ar/products/low-ph-good-morning-gel-cleanser-150ml,81,no,37,3,3,,208,5,sin meta description; title SEO 81 car.; descripción corta (37 pal.); 3 imágenes sin alt; sin tipo de producto
COSRX SALICYLIC ACID DAILY GENTLE CLEANSER 150mL | Limpiador gentil con ácido salicílico y extractos botánicos,COSRX,salicylic-acid-daily-gentle-cleanser-150ml,https://www.skinko.com.ar/products/salicylic-acid-daily-gentle-cleanser-150ml,110,no,34,3,3,,54,5,sin meta description; title SEO 110 car.; descripción corta (34 pal.); 3 imágenes sin alt; sin tipo de producto
COSRX Airy-Light Invisible Sunstick SPF50+ PA++++ 19g | Protector Solar en Barra liviano,COSRX,airy-light-invisible-sunstick-spf50-pa-19g,https://www.skinko.com.ar/products/airy-light-invisible-sunstick-spf50-pa-19g,88,no,67,3,3,,864,5,sin meta description; title SEO 88 car.; descripción corta (67 pal.); 3 imágenes sin alt; sin tipo de producto
COSRX AHA/BHA CLARIFYING TREATMENT TONER 150mL | Tónico exfoliante que aclara y suaviza,COSRX,aha-bha-clarifying-treatment-toner-150ml,https://www.skinko.com.ar/products/aha-bha-clarifying-treatment-toner-150ml,87,no,65,3,3,,474,5,sin meta description; title SEO 87 car.; descripción corta (65 pal.); 3 imágenes sin alt; sin tipo de producto
COSRX BHA Blackhead Power Liquid 100ml | Tratamiento exfoliante líquido,COSRX,bha-blackhead-power-liquid-100ml,https://www.skinko.com.ar/products/bha-blackhead-power-liquid-100ml,71,no,38,3,3,,267,5,sin meta description; title SEO 71 car.; descripción corta (38 pal.); 3 imágenes sin alt; sin tipo de producto
COSRX HYALURONIC ACID INTENSIVE CREAM 100ml | Crema con Ácido Hialurónico ultra hidratante,COSRX,hyaluronic-acid-intensive-cream-100ml,https://www.skinko.com.ar/products/hyaluronic-acid-intensive-cream-100ml,90,no,36,3,3,,15,5,sin meta description; title SEO 90 car.; descripción corta (36 pal.); 3 imágenes sin alt; sin tipo de producto
BIODANCE | Mascarilla Bio Collagen-Real Deep Mask,Biodance,bio-collagen-real-deep-mask-box,https://www.skinko.com.ar/products/bio-collagen-real-deep-mask-box,49,no,31,3,3,,95,5,sin meta description; descripción corta (31 pal.); 3 imágenes sin alt; sin tipo de producto; marca inconsistente (Biodance)
BIODANCE | Mascarilla Hydro Cera-nol Real Deep Mask,Biodance,hydro-cera-nol-real-deep-mask-box,https://www.skinko.com.ar/products/hydro-cera-nol-real-deep-mask-box,51,no,33,3,3,,279,5,sin meta description; descripción corta (33 pal.); 3 imágenes sin alt; sin tipo de producto; marca inconsistente (Biodance)
BEAUTY OF JOSEON | Calming Serum : Green tea + Panthenol 60ml,Beauty of Joseon,calming-serum-green-tea-panthenol-30ml,https://www.skinko.com.ar/products/calming-serum-green-tea-panthenol-30ml,61,no,33,3,3,,89,5,sin meta description; title SEO 61 car.; descripción corta (33 pal.); 3 imágenes sin alt; sin tipo de producto
BEAUTY OF JOSEON | Glow Serum : Proplis + Niacinamide 30ml,Beauty of Joseon,glow-serum-proplis-niacinamide-30ml,https://www.skinko.com.ar/products/glow-serum-proplis-niacinamide-30ml,58,no,32,4,4,,0,5,sin meta description; descripción corta (32 pal.); 4 imágenes sin alt; sin tipo de producto; sin stock
BEAUTY OF JOSEON Relief Sun : Rice + Probiotics 50ml | Protector solar hidratante en Crema,Beauty of Joseon,relief-sun-rice-probiotics-50ml,https://www.skinko.com.ar/products/relief-sun-rice-probiotics-50ml,90,no,31,3,3,,101,5,sin meta description; title SEO 90 car.; descripción corta (31 pal.); 3 imágenes sin alt; sin tipo de producto
BEAUTY OF JOSEON Matte sun stick : Mugwort + Camelia 18g | Protector solar en barra,Beauty of Joseon,matte-sun-stick-mugwort-camilia-18g,https://www.skinko.com.ar/products/matte-sun-stick-mugwort-camilia-18g,83,no,26,3,3,,171,5,sin meta description; title SEO 83 car.; descripción corta (26 pal.); 3 imágenes sin alt; sin tipo de producto
Celimax | The Real Noni Acne Bubble Cleanser 155ml,Celimax,the-real-noni-acne-bubble-cleanser-155ml,https://www.skinko.com.ar/products/the-real-noni-acne-bubble-cleanser-155ml,50,no,33,2,2,,7,5,sin meta description; descripción corta (33 pal.); 2 imágenes sin alt; solo 2 imágenes; sin tipo de producto
EQQUALBERRY | Swimming pool Toner 155ml,Eqqualberry,swimming-pool-toner-155ml,https://www.skinko.com.ar/products/swimming-pool-toner-155ml,39,no,61,3,3,,35,5,sin meta description; descripción corta (61 pal.); 3 imágenes sin alt; sin tipo de producto; marca inconsistente (Eqqualberry)
EQQUALBERRY | Vitamin Illuminating Serum 30ml,Eqqualberry,vitamin-illuminating-serum-30ml,https://www.skinko.com.ar/products/vitamin-illuminating-serum-30ml,45,no,68,3,3,,113,5,sin meta description; descripción corta (68 pal.); 3 imágenes sin alt; sin tipo de producto; marca inconsistente (Eqqualberry)
EQQUALBERRY | Bakuchiol Plumping Serum 30ml,Eqqualberry,bakuchiol-plumping-serum-30ml,https://www.skinko.com.ar/products/bakuchiol-plumping-serum-30ml,43,no,71,4,4,,616,5,sin meta description; descripción corta (71 pal.); 4 imágenes sin alt; sin tipo de producto; marca inconsistente (Eqqualberry)
K-SECRET | SEOUL 1988 Serum: Retinal Liposome 2% + Black Ginseng 30 ml,K-secret,seoul-1988-serum-retinal-liposome-2-black-ginseng-30ml,https://www.skinko.com.ar/products/seoul-1988-serum-retinal-liposome-2-black-ginseng-30ml,70,no,62,3,3,,54,5,sin meta description; title SEO 70 car.; descripción corta (62 pal.); 3 imágenes sin alt; sin tipo de producto
K-SECRET | SEOUL 1988 Eye Cream: Retinal Liposome 4% + Fermented Bean 30 ml,K-secret,seoul-1988-eye-cream-retinal-liposome-4-fermented-bean-30ml,https://www.skinko.com.ar/products/seoul-1988-eye-cream-retinal-liposome-4-fermented-bean-30ml,75,no,78,3,3,,102,5,sin meta description; title SEO 75 car.; descripción corta (78 pal.); 3 imágenes sin alt; sin tipo de producto
TOCOBO | Cica Calming Serum 50ml,Tocobo,cica-calming-serum-50ml,https://www.skinko.com.ar/products/cica-calming-serum-50ml,32,no,34,3,3,,40,5,sin meta description; descripción corta (34 pal.); 3 imágenes sin alt; sin tipo de producto; marca inconsistente (Tocobo)
fwee | Lip&Cheek Glowy Jelly Pot,Fwee,lip-cheek-glowy-pudding-pot-pendant-keyring-4g,https://www.skinko.com.ar/products/lip-cheek-glowy-pudding-pot-pendant-keyring-4g,32,no,23,11,11,,544,5,sin meta description; descripción corta (23 pal.); 11 imágenes sin alt; sin tipo de producto; marca inconsistente (Fwee)
fwee | PINK OBSESSION STAY-FIT LIP TINT 3.8g,Fwee,pink-obsession-stay-fit-lip-tint-3-8g,https://www.skinko.com.ar/products/pink-obsession-stay-fit-lip-tint-3-8g,44,no,24,10,10,,481,5,sin meta description; descripción corta (24 pal.); 10 imágenes sin alt; sin tipo de producto; marca inconsistente (Fwee)
fwee | GLITZ STONE HIGHLIGHTER 5.9g,Fwee,glitz-stone-highlighter-5-9g,https://www.skinko.com.ar/products/glitz-stone-highlighter-5-9g,35,no,41,18,18,,592,5,sin meta description; descripción corta (41 pal.); 18 imágenes sin alt; sin tipo de producto; marca inconsistente (Fwee)
UNLEASHIA | Pretty Easy Glitter Stick 0.5g,Unleashia,pretty-easy-glitter-stick-0-5g,https://www.skinko.com.ar/products/pretty-easy-glitter-stick-0-5g,42,no,37,6,6,,442,5,sin meta description; descripción corta (37 pal.); 6 imágenes sin alt; sin tipo de producto; marca inconsistente (Unleashia)
UNLEASHIA | Glitterpedia Eye Palette 6.6g,Unleashia,glitterpedia-eye-palette-6-6g,https://www.skinko.com.ar/products/glitterpedia-eye-palette-6-6g,41,no,35,11,11,,870,5,sin meta description; descripción corta (35 pal.); 11 imágenes sin alt; sin tipo de producto; marca inconsistente (Unleashia)
UNLEASHIA | Shaper Pomade Eyebrow Fixer 4g,Unleashia,shaper-pomade-eyebrow-fixer-4g,https://www.skinko.com.ar/products/shaper-pomade-eyebrow-fixer-4g,42,no,51,4,4,,9,5,sin meta description; descripción corta (51 pal.); 4 imágenes sin alt; sin tipo de producto; marca inconsistente (Unleashia)
UNLEASHIA | Don't Touch Glass Cushion 15g - SET COMPLETO,Unleashia,dont-touch-glass-cushion-15g,https://www.skinko.com.ar/products/dont-touch-glass-cushion-15g,56,no,36,5,5,,367,5,sin meta description; descripción corta (36 pal.); 5 imágenes sin alt; sin tipo de producto; marca inconsistente (Unleashia)
UNLEASHIA | Don't Touch Glass Cushion RE-FEEL + Puff (15g),Unleashia,dont-touch-glass-cushion-re-feel-puff-15g,https://www.skinko.com.ar/products/dont-touch-glass-cushion-re-feel-puff-15g,58,no,36,6,6,,408,5,sin meta description; descripción corta (36 pal.); 6 imágenes sin alt; sin tipo de producto; marca inconsistente (Unleashia)
UNLEASHIA | Oh! Happy Day Lip Pencil 0.8g,Unleashia,oh-happy-day-lip-pencil-0-8g,https://www.skinko.com.ar/products/oh-happy-day-lip-pencil-0-8g,41,no,40,7,7,,606,5,sin meta description; descripción corta (40 pal.); 7 imágenes sin alt; sin tipo de producto; marca inconsistente (Unleashia)
UNLEASHIA | Sunset Dazzle Gloss Balm 10g,Unleashia,sunset-dazzle-gloss-balm-10g,https://www.skinko.com.ar/products/sunset-dazzle-gloss-balm-10g,40,no,27,12,12,,788,5,sin meta description; descripción corta (27 pal.); 12 imágenes sin alt; sin tipo de producto; marca inconsistente (Unleashia)
KONJAC | Esponja Facial Chamomile,Konjac Original,esponja-facial-chamomile-manzanilla,https://www.skinko.com.ar/products/esponja-facial-chamomile-manzanilla,33,no,70,3,3,,0,5,sin meta description; descripción corta (70 pal.); 3 imágenes sin alt; sin tipo de producto; sin stock
KONJAC | Esponja Gota para bebés,Konjac Original,esponja-gota-para-bebes,https://www.skinko.com.ar/products/esponja-gota-para-bebes,32,no,57,3,3,,0,5,sin meta description; descripción corta (57 pal.); 3 imágenes sin alt; sin tipo de producto; sin stock
Anua Niacinamide 10% + TXA 3% Serum,Anua,anua-niacinamide-10-txa-3-serum-30ml,https://www.skinko.com.ar/products/anua-niacinamide-10-txa-3-serum-30ml,35,no,23,3,3,serum,0,5,sin meta description; descripción corta (23 pal.); 3 imágenes sin alt; marca inconsistente (Anua); sin stock
Anua PDRN Hyaluronic Acid Capsule 100 Serum,Anua,anua-pdrn-hyaluronic-acid-capsule-100-serum-30ml,https://www.skinko.com.ar/products/anua-pdrn-hyaluronic-acid-capsule-100-serum-30ml,43,no,60,3,3,,29,5,sin meta description; descripción corta (60 pal.); 3 imágenes sin alt; sin tipo de producto; marca inconsistente (Anua)
Anua Heartleaf Pore Control Cleansing Oil,Anua,anua-heartleaf-pore-control-cleansing-oil-200ml,https://www.skinko.com.ar/products/anua-heartleaf-pore-control-cleansing-oil-200ml,41,no,34,3,3,,60,5,sin meta description; descripción corta (34 pal.); 3 imágenes sin alt; sin tipo de producto; marca inconsistente (Anua)
Anua Heartleaf LHA Moisture Peeling Gel,Anua,anua-heartleaf-lha-moisture-peeling-gel-120ml,https://www.skinko.com.ar/products/anua-heartleaf-lha-moisture-peeling-gel-120ml,39,no,40,3,3,,260,5,sin meta description; descripción corta (40 pal.); 3 imágenes sin alt; sin tipo de producto; marca inconsistente (Anua)
Anua Heartleaf 77 Soothing Toner,Anua,anua-heartleaf-77-soothing-toner-150ml,https://www.skinko.com.ar/products/anua-heartleaf-77-soothing-toner-150ml,32,no,44,3,3,,131,5,sin meta description; descripción corta (44 pal.); 3 imágenes sin alt; sin tipo de producto; marca inconsistente (Anua)
Anua Heartleaf 70% Intense Calming Cream,Anua,anua-heartleaf-70-intense-calming-cream-50ml,https://www.skinko.com.ar/products/anua-heartleaf-70-intense-calming-cream-50ml,40,no,56,3,3,,413,5,sin meta description; descripción corta (56 pal.); 3 imágenes sin alt; sin tipo de producto; marca inconsistente (Anua)
Anua Peach 70 Niacin Serum,Anua,anua-peach-70-niacin-serum-30ml,https://www.skinko.com.ar/products/anua-peach-70-niacin-serum-30ml,26,no,59,3,3,,306,5,sin meta description; descripción corta (59 pal.); 3 imágenes sin alt; sin tipo de producto; marca inconsistente (Anua)
Anua Peach 77% Niacin Conditioning Milk,Anua,anua-peach-77-niacin-conditioning-milk-150ml,https://www.skinko.com.ar/products/anua-peach-77-niacin-conditioning-milk-150ml,39,no,29,3,3,,419,5,sin meta description; descripción corta (29 pal.); 3 imágenes sin alt; sin tipo de producto; marca inconsistente (Anua)
Anua Peach 77% Niacin Enrich Cream,Anua,anua-peach-77-niacin-enrich-cream-50ml,https://www.skinko.com.ar/products/anua-peach-77-niacin-enrich-cream-50ml,34,no,40,3,3,,325,5,sin meta description; descripción corta (40 pal.); 3 imágenes sin alt; sin tipo de producto; marca inconsistente (Anua)
Anua Rice Enzyme Brightening Cleansing Powder,Anua,anua-rice-enzyme-brightening-cleansing-powder-40g,https://www.skinko.com.ar/products/anua-rice-enzyme-brightening-cleansing-powder-40g,45,no,45,3,3,,318,5,sin meta description; descripción corta (45 pal.); 3 imágenes sin alt; sin tipo de producto; marca inconsistente (Anua)
Anua Rice Ceramide 7 Hydrating Barrier Serum,Anua,anua-rice-ceramide-7-hydrating-barrier-serum-50ml,https://www.skinko.com.ar/products/anua-rice-ceramide-7-hydrating-barrier-serum-50ml,44,no,26,3,3,,341,5,sin meta description; descripción corta (26 pal.); 3 imágenes sin alt; sin tipo de producto; marca inconsistente (Anua)
Anua Rice 70 Intensive Moisturizing Milk,Anua,anua-rice-70-intensive-moisturizing-milk-150ml,https://www.skinko.com.ar/products/anua-rice-70-intensive-moisturizing-milk-150ml,40,no,50,3,3,,136,5,sin meta description; descripción corta (50 pal.); 3 imágenes sin alt; sin tipo de producto; marca inconsistente (Anua)
Anua PDRN Hyaluronic Acid 100 Moisturizing Cream,Anua,pdrn-hyaluronic-acid-100-moisturizing-cream-60ml,https://www.skinko.com.ar/products/pdrn-hyaluronic-acid-100-moisturizing-cream-60ml,48,no,30,3,3,,120,5,sin meta description; descripción corta (30 pal.); 3 imágenes sin alt; sin tipo de producto; marca inconsistente (Anua)
Anua | Retinol 0.1 Caffeine Revitalizing Eye Cream 30g,Anua,retinol-0-1-caffeine-revitalizing-eye-cream-30g,https://www.skinko.com.ar/products/retinol-0-1-caffeine-revitalizing-eye-cream-30g,54,no,39,3,3,,100,5,sin meta description; descripción corta (39 pal.); 3 imágenes sin alt; sin tipo de producto; marca inconsistente (Anua)
Anua Nano Retinol 0.3% + Niacin Renewing Serum,Anua,nano-retinol-0-3-niacin-renewing-serum-30ml,https://www.skinko.com.ar/products/nano-retinol-0-3-niacin-renewing-serum-30ml,46,no,62,3,3,,160,5,sin meta description; descripción corta (62 pal.); 3 imágenes sin alt; sin tipo de producto; marca inconsistente (Anua)
COMMONLABS | Vitamin C Brightening Ampoule 30 ml,Commonlabs,vitamin-c-brightening-ampoule-30ml,https://www.skinko.com.ar/products/vitamin-c-brightening-ampoule-30ml,48,no,45,3,3,,0,5,sin meta description; descripción corta (45 pal.); 3 imágenes sin alt; sin tipo de producto; sin stock
COONY Collagen Eye Zone Mask 30u | Parches de ojeras,Coony,collagen-eye-zone-mask-30u,https://www.skinko.com.ar/products/collagen-eye-zone-mask-30u,52,no,26,3,3,,0,5,sin meta description; descripción corta (26 pal.); 3 imágenes sin alt; sin tipo de producto; sin stock
COONY | Premium Nose Strips 6u,Coony,premium-nose-strips-6u,https://www.skinko.com.ar/products/premium-nose-strips-6u,30,no,45,3,3,,0,5,sin meta description; descripción corta (45 pal.); 3 imágenes sin alt; sin tipo de producto; sin stock
COONY | Temi Soft Peeling Pad,Coony,temi-soft-peeling-pad,https://www.skinko.com.ar/products/temi-soft-peeling-pad,29,no,64,3,3,,0,5,sin meta description; descripción corta (64 pal.); 3 imágenes sin alt; sin tipo de producto; sin stock
COONY | Nano Collagen Melting Film 1u,Coony,nano-collagen-melting-film,https://www.skinko.com.ar/products/nano-collagen-melting-film,37,no,38,1,1,,49,5,sin meta description; descripción corta (38 pal.); 1 imágenes sin alt; solo 1 imágenes; sin tipo de producto
COONY | Intensive Hand Patch,Coony,intensive-hand-patch,https://www.skinko.com.ar/products/intensive-hand-patch,28,no,45,1,1,,339,5,sin meta description; descripción corta (45 pal.); 1 imágenes sin alt; solo 1 imágenes; sin tipo de producto
COONY | Make Up Remover Pad,Coony,make-up-remover-pad,https://www.skinko.com.ar/products/make-up-remover-pad,27,no,50,2,2,,445,5,sin meta description; descripción corta (50 pal.); 2 imágenes sin alt; solo 2 imágenes; sin tipo de producto
COONY | Compressed Facial Mask 25u,Coony,compressed-facial-mask-25u,https://www.skinko.com.ar/products/compressed-facial-mask-25u,34,no,36,2,2,,948,5,sin meta description; descripción corta (36 pal.); 2 imágenes sin alt; solo 2 imágenes; sin tipo de producto
SKIN1004 | Madagascar Centella Ampoule Foam 125ml,Skin1004,madagascar-centella-ampoule-foam-125ml,https://www.skinko.com.ar/products/madagascar-centella-ampoule-foam-125ml,49,no,71,3,3,,0,5,sin meta description; descripción corta (71 pal.); 3 imágenes sin alt; sin tipo de producto; sin stock
SKIN1004 | Madagascar Centella Ampoule 55ml,Skin1004,madagascar-centella-ampoule-55ml,https://www.skinko.com.ar/products/madagascar-centella-ampoule-55ml,43,no,54,3,3,,0,5,sin meta description; descripción corta (54 pal.); 3 imágenes sin alt; sin tipo de producto; sin stock
SKIN1004 | Madagascar Centella Soothing Cream 75ml,Skin1004,madagascar-centella-soothing-cream-75ml,https://www.skinko.com.ar/products/madagascar-centella-soothing-cream-75ml,50,no,65,3,3,,0,5,sin meta description; descripción corta (65 pal.); 3 imágenes sin alt; sin tipo de producto; sin stock
SKIN1004 Madagascar Centella Air-Fit Suncream Plus 50ml | Protector Solar que unifica tono,Skin1004,madagascar-centella-air-fit-suncream-plus-50ml,https://www.skinko.com.ar/products/madagascar-centella-air-fit-suncream-plus-50ml,90,no,62,3,3,,231,5,sin meta description; title SEO 90 car.; descripción corta (62 pal.); 3 imágenes sin alt; sin tipo de producto
SKIN1004 Madagascar Centella Hyalu-Cica Water-Fit Sun Serum 50ml | Protector solar tipo serum,Skin1004,madagascar-centella-hyalu-cica-water-fit-sun-serum-50ml,https://www.skinko.com.ar/products/madagascar-centella-hyalu-cica-water-fit-sun-serum-50ml,93,no,86,3,3,,0,5,sin meta description; title SEO 93 car.; 3 imágenes sin alt; sin tipo de producto; sin stock
SKIN1004 | Madagascar Centella Tone Brightening Capsule Ampoule 50ml,Skin1004,madagascar-centella-tone-brightening-capsule-ampoule-50ml,https://www.skinko.com.ar/products/madagascar-centella-tone-brightening-capsule-ampoule-50ml,68,no,83,3,3,,0,5,sin meta description; title SEO 68 car.; 3 imágenes sin alt; sin tipo de producto; sin stock
SKIN1004 | Madagascar Centella Tone Brightening Capsule Cream 75ml,Skin1004,madagascar-centella-tone-brightening-capsule-cream-75ml,https://www.skinko.com.ar/products/madagascar-centella-tone-brightening-capsule-cream-75ml,66,no,79,3,3,,107,5,sin meta description; title SEO 66 car.; descripción corta (79 pal.); 3 imágenes sin alt; sin tipo de producto
SKIN1004 Madagascar Centella Poremizing Deep Cleansing Foam 125ml,Skin1004,madagascar-centella-poremizing-deep-cleansing-foam-125ml,https://www.skinko.com.ar/products/madagascar-centella-poremizing-deep-cleansing-foam-125ml,65,no,62,3,3,,127,5,sin meta description; title SEO 65 car.; descripción corta (62 pal.); 3 imágenes sin alt; sin tipo de producto
SKIN1004 | Madagascar Centella Tea-Trica Relief Ampoule 100ml,Skin1004,madagascar-centella-tea-trica-relief-ampoule-100ml,https://www.skinko.com.ar/products/madagascar-centella-tea-trica-relief-ampoule-100ml,61,no,69,3,3,,90,5,sin meta description; title SEO 61 car.; descripción corta (69 pal.); 3 imágenes sin alt; sin tipo de producto
SKIN1004 | Madagascar Centella Probio-Cica Essence Toner 210ml,Skin1004,madagascar-centella-probio-cica-essence-toner-210ml,https://www.skinko.com.ar/products/madagascar-centella-probio-cica-essence-toner-210ml,62,no,38,3,3,,111,5,sin meta description; title SEO 62 car.; descripción corta (38 pal.); 3 imágenes sin alt; sin tipo de producto
SKIN1004 | Madagascar Centella Probio-Cica Intensive Ampoule 50ml,Skin1004,madagascar-centella-probio-cica-intensive-ampoule-50ml,https://www.skinko.com.ar/products/madagascar-centella-probio-cica-intensive-ampoule-50ml,65,no,40,3,3,,45,5,sin meta description; title SEO 65 car.; descripción corta (40 pal.); 3 imágenes sin alt; sin tipo de producto
SKIN1004 | Madagascar Centella Probio-Cica Enrich Cream 50ml,Skin1004,madagascar-centella-probio-cica-enrich-cream-50ml,https://www.skinko.com.ar/products/madagascar-centella-probio-cica-enrich-cream-50ml,60,no,36,3,3,,0,5,sin meta description; descripción corta (36 pal.); 3 imágenes sin alt; sin tipo de producto; sin stock
SKIN1004 | Madagascar Centella Probio-Cica Bakuchiol Eye Cream 20ml,Skin1004,madagascar-centella-probio-cica-bakuchiol-eye-cream-20ml,https://www.skinko.com.ar/products/madagascar-centella-probio-cica-bakuchiol-eye-cream-20ml,67,no,49,4,4,,131,5,sin meta description; title SEO 67 car.; descripción corta (49 pal.); 4 imágenes sin alt; sin tipo de producto
SKIN1004 | PROBIO-CICA NOURISHING MASK (unidad),Skin1004,skin1004-probio-cica-nourishing-mask-unidad,https://www.skinko.com.ar/products/skin1004-probio-cica-nourishing-mask-unidad,47,no,23,2,2,,393,5,sin meta description; descripción corta (23 pal.); 2 imágenes sin alt; solo 2 imágenes; sin tipo de producto
SKIN1004 | POREMIZING CLARIFYING MASK (unidad),Skin1004,skin1004-poremizing-clarifying-mask-unidad,https://www.skinko.com.ar/products/skin1004-poremizing-clarifying-mask-unidad,46,no,24,2,2,,325,5,sin meta description; descripción corta (24 pal.); 2 imágenes sin alt; solo 2 imágenes; sin tipo de producto
SKIN1004 | TEA-TRICA RELAXING MASK (unidad),Skin1004,skin1004-tea-trica-relaxing-mask-unidad,https://www.skinko.com.ar/products/skin1004-tea-trica-relaxing-mask-unidad,43,no,24,2,2,,332,5,sin meta description; descripción corta (24 pal.); 2 imágenes sin alt; solo 2 imágenes; sin tipo de producto
Anua Rice 70 Glow Milky Toner,Anua,anua-rice-70-glow-milky-toner-250ml-tonico-para-iluminar-e-hidratar,https://www.skinko.com.ar/products/anua-rice-70-glow-milky-toner-250ml-tonico-para-iluminar-e-hidratar,29,no,58,1,1,tonico,13,5,sin meta description; descripción corta (58 pal.); 1 imágenes sin alt; solo 1 imágenes; marca inconsistente (Anua)
Anua Heartleaf 70 Daily Lotion,Anua,anua-heartleaf-70-daily-lotion-locion-ligera-para-calmar-e-hidratar,https://www.skinko.com.ar/products/anua-heartleaf-70-daily-lotion-locion-ligera-para-calmar-e-hidratar,30,no,59,1,1,locion,170,5,sin meta description; descripción corta (59 pal.); 1 imágenes sin alt; solo 1 imágenes; marca inconsistente (Anua)
Celimax | OIL CONTROL MATTIFYING SUN STICK,Celimax,celimax-oil-control-mattifying-sun-stick-protector-solar-en-barra,https://www.skinko.com.ar/products/celimax-oil-control-mattifying-sun-stick-protector-solar-en-barra,42,no,41,5,5,,0,5,sin meta description; descripción corta (41 pal.); 5 imágenes sin alt; sin tipo de producto; sin stock
Celimax | Pore+Dark Spot Brightening Pad,Celimax,celimax-pore-dark-spot-brightening-pad-almohadilla-exfoliante-iluminadora,https://www.skinko.com.ar/products/celimax-pore-dark-spot-brightening-pad-almohadilla-exfoliante-iluminadora,40,no,42,4,4,,168,5,sin meta description; descripción corta (42 pal.); 4 imágenes sin alt; sin tipo de producto; URL larga
DR. ALTHEA | Gentle Vitamin C Serum | 30ml | Serum Facial Iluminador de Baja Irritación con Vitamina C y Niacinamida,Dr. Althea,dr-althea-gentle-vitamin-c-serum,https://www.skinko.com.ar/products/dr-althea-gentle-vitamin-c-serum,35,no,39,2,2,,184,5,sin meta description; descripción corta (39 pal.); 2 imágenes sin alt; solo 2 imágenes; sin tipo de producto
"VT COSMETICS | PDRN Hydrogel Mask | 1 pz | Mascarilla de Hidrogel Regeneradora con PDRN, Escualano y Niacinamida",Vt Cosmetics,vt-cosmetics-pdrn-hydrogel-mask,https://www.skinko.com.ar/products/vt-cosmetics-pdrn-hydrogel-mask,33,no,32,4,4,,200,5,sin meta description; descripción corta (32 pal.); 4 imágenes sin alt; sin tipo de producto; marca inconsistente (Vt Cosmetics)
"VT COSMETICS | PDRN Essence Stick Balm | 10g | Bálsamo en Barra Hidratante y Reafirmante con PDRN, Colágeno y Ceramidas",Vt Cosmetics,vt-cosmetics-pdrn-essence-stick-balm,https://www.skinko.com.ar/products/vt-cosmetics-pdrn-essence-stick-balm,38,no,36,4,4,,221,5,sin meta description; descripción corta (36 pal.); 4 imágenes sin alt; sin tipo de producto; marca inconsistente (Vt Cosmetics)
VT COSMETICS | Reedle Shot Lip Plumper Expert | 3.3g | Labial Voluminizador de Alta Eficacia con Tecnología Reedle Shot,Vt Cosmetics,vt-cosmetics-reedle-shot-lip-plumper-expert,https://www.skinko.com.ar/products/vt-cosmetics-reedle-shot-lip-plumper-expert,45,no,39,4,4,,265,5,sin meta description; descripción corta (39 pal.); 4 imágenes sin alt; sin tipo de producto; marca inconsistente (Vt Cosmetics)
VT COSMETICS | Reedle Shot Lip Plumper Beginner | 3.3g | Labial Voluminizador para Principiantes con Acabado Glossy y Sílice,Vt Cosmetics,vt-cosmetics-reedle-shot-lip-plumper-beginner,https://www.skinko.com.ar/products/vt-cosmetics-reedle-shot-lip-plumper-beginner,47,no,36,1,1,balsamo,270,5,sin meta description; descripción corta (36 pal.); 1 imágenes sin alt; solo 1 imágenes; marca inconsistente (Vt Cosmetics)
VT COSMETICS | Pro Cica Reedle Shot 100 2-Step Hydrogel Mask | 2 pz | Mascarilla de Hidrogel Calmante de 2 Pasos con Pro Cica Reedle Shot,Vt Cosmetics,vt-cosmetics-pro-cica-reedle-shot-100-2-step-hydrogel-mask,https://www.skinko.com.ar/products/vt-cosmetics-pro-cica-reedle-shot-100-2-step-hydrogel-mask,60,no,35,4,4,,137,5,sin meta description; descripción corta (35 pal.); 4 imágenes sin alt; sin tipo de producto; marca inconsistente (Vt Cosmetics)
VT COSMETICS | PDRN Reedle Shot Scalp Shampoo | 200ml | Shampoo Anticaída y Fortalecedor con PDRN y Cica Reedle,Vt Cosmetics,vt-cosmetics-pdrn-reedle-shot-scalp-shampoo,https://www.skinko.com.ar/products/vt-cosmetics-pdrn-reedle-shot-scalp-shampoo,45,no,32,4,4,,112,5,sin meta description; descripción corta (32 pal.); 4 imágenes sin alt; sin tipo de producto; marca inconsistente (Vt Cosmetics)
"VT COSMETICS | PDRN Capsule Cream 100 | 50ml | Crema Regeneradora en Cápsulas con 100,000 ppm de PDRN Vegetal",Vt Cosmetics,vt-cosmetics-pdrn-capsule-cream-100,https://www.skinko.com.ar/products/vt-cosmetics-pdrn-capsule-cream-100,37,no,34,4,4,,22,5,sin meta description; descripción corta (34 pal.); 4 imágenes sin alt; sin tipo de producto; marca inconsistente (Vt Cosmetics)
ANUA Vita Brightening Collagen Máscara de Hydrogel 34g,ANUA,anua-vita-brightening-collagen-mask,https://www.skinko.com.ar/products/anua-vita-brightening-collagen-mask,98,no,67,4,4,anua,131,5,sin meta description; title SEO 98 car.; descripción corta (67 pal.); 4 imágenes sin alt; marca inconsistente (ANUA)
ANUA Máscara de Hydrogel Ceramide Barrier Collagen Mask 34g,ANUA,anua-ceramide-barrier-collagen-mask,https://www.skinko.com.ar/products/anua-ceramide-barrier-collagen-mask,97,no,65,3,3,anua,156,5,sin meta description; title SEO 97 car.; descripción corta (65 pal.); 3 imágenes sin alt; marca inconsistente (ANUA)
ANUA Double Cleansing Duo Set,ANUA,anua-double-cleansing-duo-set,https://www.skinko.com.ar/products/anua-double-cleansing-duo-set,103,no,34,6,6,DOBLE LIMPIEZA,65,5,sin meta description; title SEO 103 car.; descripción corta (34 pal.); 6 imágenes sin alt; marca inconsistente (ANUA)
MEDICUBE RED ACNE BODY WASH 2.0 400g| Gel de baño corporal,Medicube,medicube-red-acne-body-wash-2-0-gel-de-bano-corporal,https://www.skinko.com.ar/products/medicube-red-acne-body-wash-2-0-gel-de-bano-corporal,58,no,30,1,1,Limpiador,122,5,sin meta description; descripción corta (30 pal.); 1 imágenes sin alt; solo 1 imágenes; marca inconsistente (Medicube)
MEDICUBE | Jelly Brush,Medicube,jelly-brush,https://www.skinko.com.ar/products/jelly-brush,22,no,27,3,3,,139,5,sin meta description; descripción corta (27 pal.); 3 imágenes sin alt; sin tipo de producto; marca inconsistente (Medicube)
MEDICUBE | Pdrn Pink Collagen Gel Mask 1und,Medicube,pdrn-pink-collagen-gel-mask-4u,https://www.skinko.com.ar/products/pdrn-pink-collagen-gel-mask-4u,43,no,39,3,3,,9,5,sin meta description; descripción corta (39 pal.); 3 imágenes sin alt; sin tipo de producto; marca inconsistente (Medicube)
MEDICUBE | Pdrn Pink Collagen Capsule Cream 55g,Medicube,pdrn-pink-collagen-capsule-cream-55g,https://www.skinko.com.ar/products/pdrn-pink-collagen-capsule-cream-55g,47,no,34,4,4,,5,5,sin meta description; descripción corta (34 pal.); 4 imágenes sin alt; sin tipo de producto; marca inconsistente (Medicube)
MEDICUBE – PDRN Pink Peptide Serum (30 ml) | Serum Glow instantáneo y renovador,Medicube,pdrn-pink-peptide-serum-30ml,https://www.skinko.com.ar/products/pdrn-pink-peptide-serum-30ml,79,no,29,4,4,serum,107,5,sin meta description; title SEO 79 car.; descripción corta (29 pal.); 4 imágenes sin alt; marca inconsistente (Medicube)
MEDICUBE | Pdrn Pink Peptide Eye Cream 30ml,Medicube,pdrn-pink-peptide-eye-cream-30ml,https://www.skinko.com.ar/products/pdrn-pink-peptide-eye-cream-30ml,43,no,27,4,4,,4,5,sin meta description; descripción corta (27 pal.); 4 imágenes sin alt; sin tipo de producto; marca inconsistente (Medicube)
PDRN Pink Cica Soothing Toner - MEDICUBE | c 250ml,Medicube,pdrn-pink-cica-soothing-toner-250ml,https://www.skinko.com.ar/products/pdrn-pink-cica-soothing-toner-250ml,50,no,32,3,3,,52,5,sin meta description; descripción corta (32 pal.); 3 imágenes sin alt; sin tipo de producto; marca inconsistente (Medicube)
MEDICUBE | Collagen Jelly Cream 50ml,Medicube,collagen-jelly-cream-50ml,https://www.skinko.com.ar/products/collagen-jelly-cream-50ml,36,no,71,4,4,,207,5,sin meta description; descripción corta (71 pal.); 4 imágenes sin alt; sin tipo de producto; marca inconsistente (Medicube)
MEDICUBE | Collagen Night Wrapping Mask 75ml,Medicube,collagen-night-wrapping-mask-75ml,https://www.skinko.com.ar/products/collagen-night-wrapping-mask-75ml,44,no,56,4,4,,115,5,sin meta description; descripción corta (56 pal.); 4 imágenes sin alt; sin tipo de producto; marca inconsistente (Medicube)
MEDICUBE | Triple Collagen Cream 4.0 50ml,Medicube,triple-collagen-cream-4-0-50ml,https://www.skinko.com.ar/products/triple-collagen-cream-4-0-50ml,41,no,51,4,4,,121,5,sin meta description; descripción corta (51 pal.); 4 imágenes sin alt; sin tipo de producto; marca inconsistente (Medicube)
MEDICUBE | Deep Vita C Capsule Cream 55g,Medicube,deep-vita-c-capsule-cream-55g,https://www.skinko.com.ar/products/deep-vita-c-capsule-cream-55g,40,no,52,4,4,,51,5,sin meta description; descripción corta (52 pal.); 4 imágenes sin alt; sin tipo de producto; marca inconsistente (Medicube)
MEDICUBE | 2024 Zero Pore Pad 2.0 (70 Unidades),Medicube,2024-zero-pore-pad-2-0-70-unidades,https://www.skinko.com.ar/products/2024-zero-pore-pad-2-0-70-unidades,47,no,38,4,4,,148,5,sin meta description; descripción corta (38 pal.); 4 imágenes sin alt; sin tipo de producto; marca inconsistente (Medicube)
DR. MELAXIN Peel Shot Exfoliating White Rice Ampoule 80ml – Ampolla Exfoliante e Iluminadora con Agua de Salvado de Arroz,DR. MELAXIN,dr-melaxin-peel-shot-exfoliating-white-rice-ampoule,https://www.skinko.com.ar/products/dr-melaxin-peel-shot-exfoliating-white-rice-ampoule,109,no,29,4,4,,127,5,sin meta description; title SEO 109 car.; descripción corta (29 pal.); 4 imágenes sin alt; sin tipo de producto
DR. MELAXIN Peel Shot Exfoliating Black Rice Ampoule 80ml – Ampolla Exfoliante Renovadora con Agua de Arroz Negro,DR. MELAXIN,dr-melaxin-peel-shot-exfoliating-black-rice-ampoule,https://www.skinko.com.ar/products/dr-melaxin-peel-shot-exfoliating-black-rice-ampoule,101,no,27,4,4,,115,5,sin meta description; title SEO 101 car.; descripción corta (27 pal.); 4 imágenes sin alt; sin tipo de producto
DR. MELAXIN Cemenrete Cyano Pink Spicule Serum 30ml – Serum Revitalizante y Pro-Edad con Vitamina B12 y Spicules,DR. MELAXIN,dr-melaxin-cemenrete-cyano-pink-spicule-serum,https://www.skinko.com.ar/products/dr-melaxin-cemenrete-cyano-pink-spicule-serum,86,no,30,4,4,,32,5,sin meta description; title SEO 86 car.; descripción corta (30 pal.); 4 imágenes sin alt; sin tipo de producto
"DR. MELAXIN Eyephalt Eyebag Cream 10ml – Crema Reafirmante de Bolsas y Ojeras con Péptidos, Ceramidas y Niacinamida",DR. MELAXIN,dr-melaxin-eyephalt-eyebag-cream,https://www.skinko.com.ar/products/dr-melaxin-eyephalt-eyebag-cream,94,no,352,4,4,,103,5,"sin meta description; title SEO 94 car.; 4 imágenes sin alt; sin tipo de producto; claim ""trata"""
"DR. MELAXIN Melting Cleanser 150ml – Espuma Limpiadora Calmante e Iluminadora con Centella, Té Verde y Niacinamida",DR. MELAXIN,dr-melaxin-melting-cleanser,https://www.skinko.com.ar/products/dr-melaxin-melting-cleanser,89,no,28,4,4,,197,5,sin meta description; title SEO 89 car.; descripción corta (28 pal.); 4 imágenes sin alt; sin tipo de producto
"DR. MELAXIN Cemenrete Calcium Volume Multi Balm 9g – Bálsamo Voluminizador Anti Edad con Calcio, Colágeno y Péptidos",DR. MELAXIN,dr-melaxin-cemenrete-calcium-volume-multi-balm,https://www.skinko.com.ar/products/dr-melaxin-cemenrete-calcium-volume-multi-balm,99,no,28,4,4,,76,5,sin meta description; title SEO 99 car.; descripción corta (28 pal.); 4 imágenes sin alt; sin tipo de producto
DR. MELAXIN Aqua Ion Plasma Water Glow Ampoule 50ml – Serum Hidratante de Brillo Natural con Ácido Hialurónico y Niacinamida,DR. MELAXIN,dr-melaxin-aqua-ion-plasma-water-glow-ampoule,https://www.skinko.com.ar/products/dr-melaxin-aqua-ion-plasma-water-glow-ampoule,104,no,30,4,4,,48,5,sin meta description; title SEO 104 car.; descripción corta (30 pal.); 4 imágenes sin alt; sin tipo de producto
DR. MELAXIN Aqua Ion Plasma Gel Cream 50ml – Crema Gel Hidratante y Calmante con Ácido Hialurónico y Niacinamida,DR. MELAXIN,dr-melaxin-aqua-ion-plasma-gel-cream,https://www.skinko.com.ar/products/dr-melaxin-aqua-ion-plasma-gel-cream,103,no,31,4,4,,25,5,sin meta description; title SEO 103 car.; descripción corta (31 pal.); 4 imágenes sin alt; sin tipo de producto
"DR. MELAXIN Necksphalt ECM Ceramide Neck Cream 50ml – Crema Reafirmante para Cuello con Péptidos, Ceramidas y EGF",DR. MELAXIN,dr-melaxin-necksphalt-ecm-ceramide-neck-cream,https://www.skinko.com.ar/products/dr-melaxin-necksphalt-ecm-ceramide-neck-cream,97,no,28,4,4,,120,5,sin meta description; title SEO 97 car.; descripción corta (28 pal.); 4 imágenes sin alt; sin tipo de producto
DR. MELAXIN |  10u |Neckspahlt Barrier Ampoule Ampollas Reafirmantes para Cuello | Complejo ECM-5,DR. MELAXIN,dr-melaxin-neckspahlt-barrier-ampoule,https://www.skinko.com.ar/products/dr-melaxin-neckspahlt-barrier-ampoule,93,no,36,4,4,,63,5,sin meta description; title SEO 93 car.; descripción corta (36 pal.); 4 imágenes sin alt; sin tipo de producto
"DR. MELAXIN Peel Shot Exfoliating Kojic Acid Turmeric Spray 200ml – Exfoliante Corporal e Iluminador con Ácido Kójico, AHA y PHA",DR. MELAXIN,dr-melaxin-peel-shot-exfoliating-kojic-acid-turmeric-spray,https://www.skinko.com.ar/products/dr-melaxin-peel-shot-exfoliating-kojic-acid-turmeric-spray,107,no,28,4,4,,148,5,sin meta description; title SEO 107 car.; descripción corta (28 pal.); 4 imágenes sin alt; sin tipo de producto
"ARENCIA Fresh Green Rice Mochi Cleanser 120g – Limpiador Facial Artesanal Purificante con Arroz Verde, Té Verde y Centella",ARENCIA,arencia-fresh-green-rice-mochi-cleanser,https://www.skinko.com.ar/products/arencia-fresh-green-rice-mochi-cleanser,91,no,14,4,4,,93,5,sin meta description; title SEO 91 car.; descripción corta (14 pal.); 4 imágenes sin alt; sin tipo de producto
"ARENCIA Fresh Rosehip Rice Mochi Cleanser 120g – Limpiador Facial Artesanal Iluminador con Rosa Mosqueta, Arroz y Vitamina C",ARENCIA,arencia-fresh-rosehip-rice-mochi-cleanser,https://www.skinko.com.ar/products/arencia-fresh-rosehip-rice-mochi-cleanser,92,no,15,3,3,,141,5,sin meta description; title SEO 92 car.; descripción corta (15 pal.); 3 imágenes sin alt; sin tipo de producto
"ARENCIA Blue Hyssop Rice Mochi Cleanser 120g – Limpiador Facial Artesanal Calmante con Hisopo Azul, Arroz y Pantenol",ARENCIA,arencia-blue-hyssop-rice-mochi-cleanser,https://www.skinko.com.ar/products/arencia-blue-hyssop-rice-mochi-cleanser,102,no,13,4,4,,146,5,sin meta description; title SEO 102 car.; descripción corta (13 pal.); 4 imágenes sin alt; sin tipo de producto
"ARENCIA Holy Hyssop Serum 30 50g – Serum Facial de Hidratación Profunda con Extracto de Hisopo, Prebióticos y Ácido Hialurónico",ARENCIA,arencia-holy-hyssop-serum-30,https://www.skinko.com.ar/products/arencia-holy-hyssop-serum-30,96,no,14,3,3,,254,5,sin meta description; title SEO 96 car.; descripción corta (14 pal.); 3 imágenes sin alt; sin tipo de producto
"ARENCIA Fresh Red Smoothie Serum 30g – Serum Facial Revitalizante y Antioxidante con Frutos Rojos, Granada y Niacinamida",ARENCIA,arencia-fresh-red-smoothie-serum-30,https://www.skinko.com.ar/products/arencia-fresh-red-smoothie-serum-30,108,no,14,3,3,,126,5,sin meta description; title SEO 108 car.; descripción corta (14 pal.); 3 imágenes sin alt; sin tipo de producto
"ARENCIA Green Tea + LHA Deep Pore Rice Cake Cleanser 150g – Limpiador de Poros Profundo con Té Verde, LHA y Polvo de Arroz",ARENCIA,arencia-green-tea-lha-deep-pore-rice-cake-cleanser,https://www.skinko.com.ar/products/arencia-green-tea-lha-deep-pore-rice-cake-cleanser,98,no,16,4,4,,78,5,sin meta description; title SEO 98 car.; descripción corta (16 pal.); 4 imágenes sin alt; sin tipo de producto
ARENCIA Deep Water Surge Soothing Cream 110ml – Crema Hidratante Calmante de Absorción Rápida con Agua Glaciar y Ceramidas,ARENCIA,arencia-deep-water-surge-soothing-cream,https://www.skinko.com.ar/products/arencia-deep-water-surge-soothing-cream,91,no,16,3,3,,115,5,sin meta description; title SEO 91 car.; descripción corta (16 pal.); 3 imágenes sin alt; sin tipo de producto
ARENCIA Red Collagen Jello Mask  – Mascarilla Facial Hidratante de Colágeno con Extracto de Camelia y Adenosina,ARENCIA,arencia-red-collagen-jello-mask,https://www.skinko.com.ar/products/arencia-red-collagen-jello-mask,88,no,14,4,4,,157,5,sin meta description; title SEO 88 car.; descripción corta (14 pal.); 4 imágenes sin alt; sin tipo de producto
ARENCIA Pore Melt Mochi Cleansing Oil 200ml – Aceite Limpiador Disolvente de Impurezas con Aceite de Salvado de Arroz y Jojoba,ARENCIA,arencia-pore-melt-mochi-cleansing-oil,https://www.skinko.com.ar/products/arencia-pore-melt-mochi-cleansing-oil,96,no,14,4,4,,67,5,sin meta description; title SEO 96 car.; descripción corta (14 pal.); 4 imágenes sin alt; sin tipo de producto
ARENCIA Vitamin C Booster Shot 30ml – Concentrado Facial Iluminador de Alta Potencia con Vitamina C Pura y Ferulic Acid,ARENCIA,arencia-vitamin-c-booster-shot,https://www.skinko.com.ar/products/arencia-vitamin-c-booster-shot,84,no,12,4,4,,62,5,sin meta description; title SEO 84 car.; descripción corta (12 pal.); 4 imágenes sin alt; sin tipo de producto
"ARENCIA Retinal Booster Shot 30ml – Concentrado Facial Renovador Anti-Arrugas con Retinaldehído, Bakuchiol y Péptidos",ARENCIA,arencia-retinal-booster-shot,https://www.skinko.com.ar/products/arencia-retinal-booster-shot,83,no,12,4,4,,192,5,sin meta description; title SEO 83 car.; descripción corta (12 pal.); 4 imágenes sin alt; sin tipo de producto
A BY UNLEASHIA Cotton Candy Face Palette 6.2g – Paleta Multiusos para Rostro y Ojos con Mica y Pigmentos Sedosos,A BY UNLEASHIA,a-by-unleashia-cotton-candy-face-palette,https://www.skinko.com.ar/products/a-by-unleashia-cotton-candy-face-palette,82,no,40,5,5,,314,5,sin meta description; title SEO 82 car.; descripción corta (40 pal.); 5 imágenes sin alt; sin tipo de producto
A BY UNLEASHIA Moonlight Liquid Glitter #1 Shine Star 4g – Sombra de Ojos Líquida Brillante con Pigmentos Perlados,A BY UNLEASHIA,a-by-unleashia-moonlight-liquid-glitter,https://www.skinko.com.ar/products/a-by-unleashia-moonlight-liquid-glitter,111,no,24,4,4,,332,5,sin meta description; title SEO 111 car.; descripción corta (24 pal.); 4 imágenes sin alt; sin tipo de producto
A BY UNLEASHIA Cloud Kiss Velvet Tint 4g – Tinta de Labios Efecto Nube con Vitamina E,A BY UNLEASHIA,a-by-unleashia-cloud-kiss-velvet-tint,https://www.skinko.com.ar/products/a-by-unleashia-cloud-kiss-velvet-tint,82,no,24,3,3,,158,5,sin meta description; title SEO 82 car.; descripción corta (24 pal.); 3 imágenes sin alt; sin tipo de producto
A BY UNLEASHIA Tinted Drop Jellying Cheek 4g – Rubor Líquido Hidratante con Efecto Radiante y Glicerina,A BY UNLEASHIA,a-by-unleashia-tinted-drop-jellying-cheek,https://www.skinko.com.ar/products/a-by-unleashia-tinted-drop-jellying-cheek,102,no,26,3,3,,121,5,sin meta description; title SEO 102 car.; descripción corta (26 pal.); 3 imágenes sin alt; sin tipo de producto
A BY UNLEASHIA Tanghulu Glaze Tint 3.8g – Tinta de Labios Efecto Cristal con PLUMP Oléoactif,A BY UNLEASHIA,a-by-unleashia-tanghulu-glaze-tint,https://www.skinko.com.ar/products/a-by-unleashia-tanghulu-glaze-tint,87,no,25,6,6,,340,5,sin meta description; title SEO 87 car.; descripción corta (25 pal.); 6 imágenes sin alt; sin tipo de producto
A BY UNLEASHIA Hey Dew Blue Cushion 6g – Base de Maquillaje Hidratante con Bakuchiol y Ácido Hialurónico,A BY UNLEASHIA,a-by-unleashia-hey-dew-blue-cushion,https://www.skinko.com.ar/products/a-by-unleashia-hey-dew-blue-cushion,81,no,24,6,6,,316,5,sin meta description; title SEO 81 car.; descripción corta (24 pal.); 6 imágenes sin alt; sin tipo de producto
A BY UNLEASHIA Non Stop Liquid Eyeliner  – Delineador de Ojos Líquido con Copolímero de Acrilato,A BY UNLEASHIA,a-by-unleashia-non-stop-liquid-eyeliner,https://www.skinko.com.ar/products/a-by-unleashia-non-stop-liquid-eyeliner,95,no,26,3,3,,126,5,sin meta description; title SEO 95 car.; descripción corta (26 pal.); 3 imágenes sin alt; sin tipo de producto
A BY UNLEASHIA Real Fine 1mm Eyebrow Pencil  – Lápiz de Cejas Ultra Fino con Aceite de Soja Hidrogenado,A BY UNLEASHIA,a-by-unleashia-real-fine-1mm-eyebrow-pencil,https://www.skinko.com.ar/products/a-by-unleashia-real-fine-1mm-eyebrow-pencil,102,no,27,3,3,,134,5,sin meta description; title SEO 102 car.; descripción corta (27 pal.); 3 imágenes sin alt; sin tipo de producto
A BY UNLEASHIA Lift Lock Fixing Mascara 3.7g – Máscara de Pestañas de Definición con Isododecane,A BY UNLEASHIA,a-by-unleashia-lift-lock-fixing-mascara,https://www.skinko.com.ar/products/a-by-unleashia-lift-lock-fixing-mascara,91,no,25,3,3,,103,5,sin meta description; title SEO 91 car.; descripción corta (25 pal.); 3 imágenes sin alt; sin tipo de producto
A BY UNLEASHIA Pillow Kiss Lip Pencil 0.5g – Lápiz Labial Vegano para Contorno y Volumen con Vitamina E,A BY UNLEASHIA,a-by-unleashia-pillow-kiss-lip-pencil,https://www.skinko.com.ar/products/a-by-unleashia-pillow-kiss-lip-pencil,98,no,21,4,4,,199,5,sin meta description; title SEO 98 car.; descripción corta (21 pal.); 4 imágenes sin alt; sin tipo de producto
CENTELLIAN24 | Madeca Cream Time Reverse 50ml – Crema Antiedad Regeneradora con Active-TECA y Centella Asiática.,CENTELLIAN24,centellian24-madeca-cream-time-reverse,https://www.skinko.com.ar/products/centellian24-madeca-cream-time-reverse,104,no,32,3,3,,245,5,sin meta description; title SEO 104 car.; descripción corta (32 pal.); 3 imágenes sin alt; sin tipo de producto
CENTELLIAN24 | 360º Shot PDRN Active Serum 50ml – Sérum Efecto Lifting 3D con Hyper PDRN y Colágeno.,CENTELLIAN24,centellian24-360-shot-pdrn-active-serum,https://www.skinko.com.ar/products/centellian24-360-shot-pdrn-active-serum,92,no,34,4,4,,175,5,sin meta description; title SEO 92 car.; descripción corta (34 pal.); 4 imágenes sin alt; sin tipo de producto
CENTELLIAN24 | Madeca Mela Capture Ampoule Capsule Cream 55ml – Crema Antimanchas y Reafirmante con PDRN y Péptidos.,CENTELLIAN24,centellian24-madeca-mela-capture-ampoule-capsule-cream,https://www.skinko.com.ar/products/centellian24-madeca-mela-capture-ampoule-capsule-cream,108,no,31,3,3,,199,5,sin meta description; title SEO 108 car.; descripción corta (31 pal.); 3 imágenes sin alt; sin tipo de producto
CENTELLIAN24 | Madeca Derma Mask III Intensive Formula 23ml 1u – Mascarilla Facial Regeneradora con Centella Asiática (TECA) y Complejo Calmante.,CENTELLIAN24,centellian24-madeca-derma-mask-iii-intensive-formula,https://www.skinko.com.ar/products/centellian24-madeca-derma-mask-iii-intensive-formula,114,no,33,3,3,,191,5,sin meta description; title SEO 114 car.; descripción corta (33 pal.); 3 imágenes sin alt; sin tipo de producto
CENTELLIAN24 | Madeca Powder Tea Tree AC 6g – Tratamiento Localizado Anti-imperfecciones con Árbol de Té y Centella Asiática.,CENTELLIAN24,centellian24-madeca-powder-tea-tree-ac,https://www.skinko.com.ar/products/centellian24-madeca-powder-tea-tree-ac,119,no,34,3,3,,62,5,sin meta description; title SEO 119 car.; descripción corta (34 pal.); 3 imágenes sin alt; sin tipo de producto
CENTELLIAN24 | Madeca Amino Acid Cleansing Foam 160g – Limpiador Facial Hidratante con Aminoácidos y Centella Asiática.,CENTELLIAN24,centellian24-madeca-amino-acid-cleansing-foam,https://www.skinko.com.ar/products/centellian24-madeca-amino-acid-cleansing-foam,111,no,28,3,3,,276,5,sin meta description; title SEO 111 car.; descripción corta (28 pal.); 3 imágenes sin alt; sin tipo de producto
CENTELLIAN24 | Madeca Matcha Toning Peeling Gel 150ml – Exfoliante Facial Renovador con Té Verde Matcha y Centella Asiática.,CENTELLIAN24,centellian24-madeca-matcha-toning-peeling-gel,https://www.skinko.com.ar/products/centellian24-madeca-matcha-toning-peeling-gel,107,no,34,4,4,,57,5,sin meta description; title SEO 107 car.; descripción corta (34 pal.); 4 imágenes sin alt; sin tipo de producto
CENTELLIAN24 | Madeca Matcha Pore Cleansing Oil 200ml – Aceite Limpiador Purificante con Té Verde Matcha y Centella Asiática.,CENTELLIAN24,centellian24-madeca-matcha-pore-cleansing-oil,https://www.skinko.com.ar/products/centellian24-madeca-matcha-pore-cleansing-oil,96,no,33,3,3,,63,5,sin meta description; title SEO 96 car.; descripción corta (33 pal.); 3 imágenes sin alt; sin tipo de producto
CENTELLIAN24 | Madeca Prime Ritual White Pearl – Dispositivo de Masaje Rejuvenecedor con Efecto Lifting y Extracto de Perla.,CENTELLIAN24,centellian24-madeca-prime-ritual-white-pearl,https://www.skinko.com.ar/products/centellian24-madeca-prime-ritual-white-pearl,101,no,36,3,3,,169,5,sin meta description; title SEO 101 car.; descripción corta (36 pal.); 3 imágenes sin alt; sin tipo de producto
FOODOLOGY Coleology Cut PRO 60 Tab – Suplemento Metabólico y Quema Grasa Nocturno con Té Verde,FOODOLOGY,foodology-coleology-cut-pro,https://www.skinko.com.ar/products/foodology-coleology-cut-pro,87,no,22,3,3,,21,5,sin meta description; title SEO 87 car.; descripción corta (22 pal.); 3 imágenes sin alt; sin tipo de producto
FOODOLOGY Coleology Drink Mix Pro 15 Sticks – Bebida Funcional Metabólica y Digestiva con Coleus Forskohlii,FOODOLOGY,foodology-coleology-tea-hobby-escape,https://www.skinko.com.ar/products/foodology-coleology-tea-hobby-escape,97,no,22,3,3,,18,5,sin meta description; title SEO 97 car.; descripción corta (22 pal.); 3 imágenes sin alt; sin tipo de producto
FOODOLOGY Burningology D-Day 10 Sticks – Suplemento Quemador de Grasa Intensivo con Xanthigen,FOODOLOGY,foodology-burningology-d-day,https://www.skinko.com.ar/products/foodology-burningology-d-day,94,no,21,4,4,,69,5,sin meta description; title SEO 94 car.; descripción corta (21 pal.); 4 imágenes sin alt; sin tipo de producto
FOODOLOGY Coleology Cutting Jelly 10 Sticks – Suplemento Masticable para Control de Peso con Extractos Botanicos,FOODOLOGY,foodology-coleology-cutting-jelly,https://www.skinko.com.ar/products/foodology-coleology-cutting-jelly,100,no,24,4,4,,83,5,sin meta description; title SEO 100 car.; descripción corta (24 pal.); 4 imágenes sin alt; sin tipo de producto
FOODOLOGY Coleology Bowel Movement Jelly 10 Sticks – Suplemento Digestivo y Control de Peso con Extractos Botanicos,FOODOLOGY,foodology-coleology-bowel-movement-jelly,https://www.skinko.com.ar/products/foodology-coleology-bowel-movement-jelly,103,no,22,4,4,,94,5,sin meta description; title SEO 103 car.; descripción corta (22 pal.); 4 imágenes sin alt; sin tipo de producto
FOODOLOGY Collagen Centella Jelly 10 Sticks – Suplemento masticable de colageno 300 Da y Centella,FOODOLOGY,foodology-collagen-centella-jelly,https://www.skinko.com.ar/products/foodology-collagen-centella-jelly,96,no,19,3,3,,170,5,sin meta description; title SEO 96 car.; descripción corta (19 pal.); 3 imágenes sin alt; sin tipo de producto
FOODOLOGY Burningology Tea 15 Sticks – Suplemento Termogénico y Probiótico con Extracto de Mango Africano,FOODOLOGY,foodology-burningology-tea,https://www.skinko.com.ar/products/foodology-burningology-tea,105,no,22,3,3,,115,5,sin meta description; title SEO 105 car.; descripción corta (22 pal.); 3 imágenes sin alt; sin tipo de producto
FOODOLOGY Apple Cider Vinegar Crispy 20 Masticables – Suplemento Digestivo Masticable con Vinagre de Sidra de Manzana,FOODOLOGY,foodology-apple-cider-vinegar-crispy,https://www.skinko.com.ar/products/foodology-apple-cider-vinegar-crispy,102,no,34,9,9,,837,5,sin meta description; title SEO 102 car.; descripción corta (34 pal.); 9 imágenes sin alt; sin tipo de producto
K-SECRET Seoul 1988 Capsule Cream: Niacinamide 5% + Yuja 50ml – Crema Facial Iluminadora y Revitalizante con Niacinamida,K-secret,ksecret-seoul-1988-capsule-cream-niacinamide-5-yuja,https://www.skinko.com.ar/products/ksecret-seoul-1988-capsule-cream-niacinamide-5-yuja,114,no,24,3,3,,88,5,sin meta description; title SEO 114 car.; descripción corta (24 pal.); 3 imágenes sin alt; sin tipo de producto
K-SECRET Seoul 1988 Glow Serum: Niacinamide 15% + Yuja 30ml – Sérum Iluminador y Antimanchas con Niacinamida,K-secret,ksecret-seoul-1988-glow-serum-niacinamide-15-yuja,https://www.skinko.com.ar/products/ksecret-seoul-1988-glow-serum-niacinamide-15-yuja,102,no,28,4,4,,21,5,sin meta description; title SEO 102 car.; descripción corta (28 pal.); 4 imágenes sin alt; sin tipo de producto
K-SECRET Seoul 1988 Advanced Shot: Retinal Liposome 12% + Black Rice 15ml – Sérum Renovador Intensivo con Retinal,K-secret,ksecret-seoul-1988-advanced-shot-retinal-liposome-12-black-rice,https://www.skinko.com.ar/products/ksecret-seoul-1988-advanced-shot-retinal-liposome-12-black-rice,118,no,23,4,4,,113,5,sin meta description; title SEO 118 car.; descripción corta (23 pal.); 4 imágenes sin alt; sin tipo de producto
K-SECRET Seoul 1988 Cream: Retinal Liposome 1% + Fermented Rice 50ml – Crema Renovadora Antiedad con Retinal,K-secret,ksecret-seoul-1988-cream-retinal-liposome-1-fermented-rice,https://www.skinko.com.ar/products/ksecret-seoul-1988-cream-retinal-liposome-1-fermented-rice,115,no,30,4,4,,46,5,sin meta description; title SEO 115 car.; descripción corta (30 pal.); 4 imágenes sin alt; sin tipo de producto
K-SECRET Seoul 1988 Cleansing Foam: Pine Cica 1% + Probiotics 200ml – Limpiador Facial Purificante y Calmante con Pine Cica,K-secret,ksecret-seoul-1988-cleansing-foam-pine-cica-1-probiotics,https://www.skinko.com.ar/products/ksecret-seoul-1988-cleansing-foam-pine-cica-1-probiotics,116,no,23,4,4,,92,5,sin meta description; title SEO 116 car.; descripción corta (23 pal.); 4 imágenes sin alt; sin tipo de producto
K-SECRET Seoul 1988 Cleansing Oil: Pine Cica 1% + Probiotics 200ml – Aceite Limpiador Purificante con Pine Cica y Probióticos,K-secret,ksecret-seoul-1988-cleansing-oil-pine-cica-1-probiotics,https://www.skinko.com.ar/products/ksecret-seoul-1988-cleansing-oil-pine-cica-1-probiotics,104,no,26,3,3,,45,5,sin meta description; title SEO 104 car.; descripción corta (26 pal.); 3 imágenes sin alt; sin tipo de producto
MEDITHERAPY Shumage Gold Seal Lifting Cream & EMS Device 50ml – Kit Reafirmante Intensivo con Oro y Colágeno,MEDITHERAPY,meditherapy-shumage-gold-seal-lifting-cream-ems-device,https://www.skinko.com.ar/products/meditherapy-shumage-gold-seal-lifting-cream-ems-device,99,no,26,5,5,,179,5,sin meta description; title SEO 99 car.; descripción corta (26 pal.); 5 imágenes sin alt; sin tipo de producto
MEDITHERAPY Shumage Gold Seal Lifting Cream 50ml – Crema Reafirmante y Nutritiva con Oro Coloidal y Colágeno,MEDITHERAPY,meditherapy-shumage-gold-seal-lifting-cream,https://www.skinko.com.ar/products/meditherapy-shumage-gold-seal-lifting-cream,103,no,25,4,4,,138,5,sin meta description; title SEO 103 car.; descripción corta (25 pal.); 4 imágenes sin alt; sin tipo de producto
MEDITHERAPY Shumage Gold Seal Wrapping Mask 90g – Mascarilla Peel-off Reafirmante con Oro y Colágeno,MEDITHERAPY,meditherapy-shumage-gold-seal-wrapping-mask,https://www.skinko.com.ar/products/meditherapy-shumage-gold-seal-wrapping-mask,96,no,26,3,3,,77,5,sin meta description; title SEO 96 car.; descripción corta (26 pal.); 3 imágenes sin alt; sin tipo de producto
MEDITHERAPY Shumage Shot Gold Seal Lifting Ampoule 12ml – Ampolla Reafirmante Efecto Hilos con Oro Coloidal,MEDITHERAPY,meditherapy-shumage-shot-gold-seal-lifting-ampoule,https://www.skinko.com.ar/products/meditherapy-shumage-shot-gold-seal-lifting-ampoule,102,no,23,4,4,,83,5,sin meta description; title SEO 102 car.; descripción corta (23 pal.); 4 imágenes sin alt; sin tipo de producto
MEDITHERAPY Retinal Skin Booster Serum 150ml – Sérum Renovador y Antiedad con Retinal Liposomado,MEDITHERAPY,meditherapy-retinal-skin-booster-serum,https://www.skinko.com.ar/products/meditherapy-retinal-skin-booster-serum,84,no,22,4,4,,45,5,sin meta description; title SEO 84 car.; descripción corta (22 pal.); 4 imágenes sin alt; sin tipo de producto
MEDITHERAPY Tension Up Collagen Mask 1u– Mascarilla Efecto Lifting V-Line con Matrixyl 3000,MEDITHERAPY,meditherapy-tension-up-collagen-mask,https://www.skinko.com.ar/products/meditherapy-tension-up-collagen-mask,89,no,25,3,3,,291,5,sin meta description; title SEO 89 car.; descripción corta (25 pal.); 3 imágenes sin alt; sin tipo de producto
MEDITHERAPY Inmotox Peptide Shot Cream + Suction Jet 50ml – Crema Reafirmante y Regeneradora con Extracto de Soja y Péptidos,MEDITHERAPY,meditherapy-inmotox-peptide-shot-cream-suction-jet,https://www.skinko.com.ar/products/meditherapy-inmotox-peptide-shot-cream-suction-jet,94,no,24,5,5,,79,5,sin meta description; title SEO 94 car.; descripción corta (24 pal.); 5 imágenes sin alt; sin tipo de producto
MEDITHERAPY Inmotox Peptide Shot Cream 50ml – Crema Lifting Reafirmante con Acetyl Hexapeptide-8,MEDITHERAPY,meditherapy-inmotox-peptide-shot-cream,https://www.skinko.com.ar/products/meditherapy-inmotox-peptide-shot-cream,91,no,23,4,4,,105,5,sin meta description; title SEO 91 car.; descripción corta (23 pal.); 4 imágenes sin alt; sin tipo de producto
MEDITHERAPY Tranexamic Acid Skin Booster(Booster Cap) 100ml – Crema Iluminadora y Antimanchas con Ácido Tranexámico,MEDITHERAPY,meditherapy-tranexamic-acid-skin-booster-cap,https://www.skinko.com.ar/products/meditherapy-tranexamic-acid-skin-booster-cap,102,no,24,4,4,,98,5,sin meta description; title SEO 102 car.; descripción corta (24 pal.); 4 imágenes sin alt; sin tipo de producto
ROUNDLAB Birch Moisturizing Eye Balm 10g – Bálsamo de Ojos Hidratante con Savia de Abedul,Round Lab,round-lab-birch-moisturizing-eye-balm,https://www.skinko.com.ar/products/round-lab-birch-moisturizing-eye-balm,86,no,37,3,3,,20,5,sin meta description; title SEO 86 car.; descripción corta (37 pal.); 3 imágenes sin alt; sin tipo de producto
ROUNDLAB Pine Calming Cica Body Wash 400ml – Gel de Baño Calmante con Extracto de Pino,Round Lab,round-lab-pine-calming-cica-body-wash,https://www.skinko.com.ar/products/round-lab-pine-calming-cica-body-wash,81,no,37,3,3,,62,5,sin meta description; title SEO 81 car.; descripción corta (37 pal.); 3 imágenes sin alt; sin tipo de producto
ROUNDLAB Pine Cica Calming Shampoo 400ml – Champú Anticaída y Calmante con Extracto de Pino,Round Lab,round-lab-pine-cica-calming-shampoo,https://www.skinko.com.ar/products/round-lab-pine-cica-calming-shampoo,86,no,37,3,3,,181,5,sin meta description; title SEO 86 car.; descripción corta (37 pal.); 3 imágenes sin alt; sin tipo de producto
ROUNDLAB Pine Cica Calming Scalp Tonic 100ml – Tónico Capilar Calmante con Extracto de Pino,Round Lab,round-lab-pine-cica-calming-scalp-tonic,https://www.skinko.com.ar/products/round-lab-pine-cica-calming-scalp-tonic,86,no,39,3,3,,83,5,sin meta description; title SEO 86 car.; descripción corta (39 pal.); 3 imágenes sin alt; sin tipo de producto
ROUNDLAB Mild Up Baby Head-to-Toe Wash 300ml – Limpiador Corporal y Capilar con Avena,Round Lab,round-lab-mild-up-baby-head-to-toe-wash,https://www.skinko.com.ar/products/round-lab-mild-up-baby-head-to-toe-wash,80,no,35,4,4,,138,5,sin meta description; title SEO 80 car.; descripción corta (35 pal.); 4 imágenes sin alt; sin tipo de producto
ROUNDLAB Mild Up Baby Lotion 300ml – Loción Hidratante Corporal con Avena,Round Lab,round-lab-mild-up-baby-lotion,https://www.skinko.com.ar/products/round-lab-mild-up-baby-lotion,68,no,38,3,3,,104,5,sin meta description; title SEO 68 car.; descripción corta (38 pal.); 3 imágenes sin alt; sin tipo de producto
ROUNDLAB Mild Up Baby Sun Cream 60ml – Protector Solar Mineral con Óxido de Zinc,Round Lab,round-lab-mild-up-baby-sun-cream,https://www.skinko.com.ar/products/round-lab-mild-up-baby-sun-cream,76,no,40,3,3,,152,5,sin meta description; title SEO 76 car.; descripción corta (40 pal.); 3 imágenes sin alt; sin tipo de producto
ROUNDLAB Mild Up Baby Soothing Gel 150ml – Gel Calmante e Hidratante con Avena,Round Lab,round-lab-mild-up-baby-soothing-gel,https://www.skinko.com.ar/products/round-lab-mild-up-baby-soothing-gel,73,no,34,4,4,,137,5,sin meta description; title SEO 73 car.; descripción corta (34 pal.); 4 imágenes sin alt; sin tipo de producto
ROUNDLAB Mild Up Baby Sun Stick 21g – Protector Solar Mineral en Barra con Óxido de Zinc,Round Lab,round-lab-mild-up-baby-sun-stick,https://www.skinko.com.ar/products/round-lab-mild-up-baby-sun-stick,85,no,39,4,4,,91,5,sin meta description; title SEO 85 car.; descripción corta (39 pal.); 4 imágenes sin alt; sin tipo de producto
ROUNDLAB Birch Juice Moisturizing Toner for Men 200ml – Tónico Hidratante Facial con Savia de Abedul,Round Lab,round-lab-birch-juice-moisturizing-toner-for-men,https://www.skinko.com.ar/products/round-lab-birch-juice-moisturizing-toner-for-men,95,no,39,3,3,,127,5,sin meta description; title SEO 95 car.; descripción corta (39 pal.); 3 imágenes sin alt; sin tipo de producto
ROUNDLAB Birch Juice Moisturizing Cream for Men 75ml – Crema Hidratante para Hombre con Savia de Abedul,Round Lab,round-lab-birch-juice-moisturizing-cream-for-men,https://www.skinko.com.ar/products/round-lab-birch-juice-moisturizing-cream-for-men,99,no,38,3,3,,58,5,sin meta description; title SEO 99 car.; descripción corta (38 pal.); 3 imágenes sin alt; sin tipo de producto
ROUNDLAB 1025 Dokdo Water Gel Mask Sheet 1u – Mascarilla Facial Hidratante con Agua de Mar Profunda,Round Lab,round-lab-1025-dokdo-water-gel-mask-sheet,https://www.skinko.com.ar/products/round-lab-1025-dokdo-water-gel-mask-sheet,94,no,39,4,4,,149,5,sin meta description; title SEO 94 car.; descripción corta (39 pal.); 4 imágenes sin alt; sin tipo de producto
TIRTIR Glide & Hide Blurring Concealer 10g – Corrector de Efecto Difuminado con Niacinamida,TIRTIR,tirtir-glide-hide-blurring-concealer,https://www.skinko.com.ar/products/tirtir-glide-hide-blurring-concealer,87,no,36,5,5,,198,5,sin meta description; title SEO 87 car.; descripción corta (36 pal.); 5 imágenes sin alt; sin tipo de producto
TIRTIR Mask Fit Red Foundation 30ml – Base de Maquillaje Fluida Larga Duración con Astaxantina e Hibisco,TIRTIR,tirtir-mask-fit-red-foundation,https://www.skinko.com.ar/products/tirtir-mask-fit-red-foundation,111,no,37,5,5,,360,5,sin meta description; title SEO 111 car.; descripción corta (37 pal.); 5 imágenes sin alt; sin tipo de producto
"TIRTIR Mask Fit All-Cover Cushion Mini 4,5g – Base de Maquillaje Compacta Alta Cobertura con Acabado Semi-Mate",TIRTIR,tirtir-mask-fit-all-cover-cushion-mini,https://www.skinko.com.ar/products/tirtir-mask-fit-all-cover-cushion-mini,122,no,37,4,4,,192,5,sin meta description; title SEO 122 car.; descripción corta (37 pal.); 4 imágenes sin alt; sin tipo de producto
"TIRTIR Waterism Glow Melting Balm 3,2g – Bálsamo Labial Hidratante Efecto Volumen con Aceites Nutritivos",TIRTIR,tirtir-waterism-glow-melting-balm,https://www.skinko.com.ar/products/tirtir-waterism-glow-melting-balm,99,no,35,3,3,,170,5,sin meta description; title SEO 99 car.; descripción corta (35 pal.); 3 imágenes sin alt; sin tipo de producto
TIRTIR Matcha Skin Toner 150ml – Tónico Facial Calmante y Equilibrante con Matcha-PDRN,TIRTIR,tirtir-matcha-skin-toner,https://www.skinko.com.ar/products/tirtir-matcha-skin-toner,80,no,42,4,4,,190,5,sin meta description; title SEO 80 car.; descripción corta (42 pal.); 4 imágenes sin alt; sin tipo de producto
TIRTIR Matcha Calming Cream 50ml – Crema Hidratante Calmante con Matcha-PDRN,TIRTIR,tirtir-matcha-calming-cream,https://www.skinko.com.ar/products/tirtir-matcha-calming-cream,71,no,35,3,3,,79,5,sin meta description; title SEO 71 car.; descripción corta (35 pal.); 3 imágenes sin alt; sin tipo de producto
TORRIDEN Dive In Low Molecular Hyaluronic Acid Cleansing Foam 150ml – Limpiador Facial Hidratante con Ácido Hialurónico,TORRIDEN,torriden-dive-in-low-molecular-hyaluronic-acid-cleansing-foam,https://www.skinko.com.ar/products/torriden-dive-in-low-molecular-hyaluronic-acid-cleansing-foam,113,no,35,4,4,,47,5,sin meta description; title SEO 113 car.; descripción corta (35 pal.); 4 imágenes sin alt; sin tipo de producto
TORRIDEN Dive-In Low Molecular Hyaluronic Acid Serum 50ml – Sérum Hidratante Profundo con Ácido Hialurónico,TORRIDEN,torriden-dive-in-low-molecular-hyaluronic-acid-serum,https://www.skinko.com.ar/products/torriden-dive-in-low-molecular-hyaluronic-acid-serum,102,no,37,3,3,,49,5,sin meta description; title SEO 102 car.; descripción corta (37 pal.); 3 imágenes sin alt; sin tipo de producto
TORRIDEN Dive-In Soothing Cream 100ml – Crema Gel Hidratante y Calmante con Ácido Hialurónico Complejo 5D,TORRIDEN,torriden-dive-in-soothing-cream,https://www.skinko.com.ar/products/torriden-dive-in-soothing-cream,88,no,35,3,3,,78,5,sin meta description; title SEO 88 car.; descripción corta (35 pal.); 3 imágenes sin alt; sin tipo de producto
TORRIDEN Dive In Hyaluronic Acid Mask 1u – Mascarilla de Hidratación Profunda con Ácido Hialurónico 5D,TORRIDEN,torriden-dive-in-hyaluronic-acid-mask,https://www.skinko.com.ar/products/torriden-dive-in-hyaluronic-acid-mask,99,no,33,4,4,,10,5,sin meta description; title SEO 99 car.; descripción corta (33 pal.); 4 imágenes sin alt; sin tipo de producto
TORRIDEN Balanceful Cica Serum 50ml – Sérum Calmante e Hidratante con Centella Asiática,TORRIDEN,torriden-balanceful-cica-serum,https://www.skinko.com.ar/products/torriden-balanceful-cica-serum,82,no,37,3,3,,90,5,sin meta description; title SEO 82 car.; descripción corta (37 pal.); 3 imágenes sin alt; sin tipo de producto
TORRIDEN Balanceful Cica Cream 80ml – Crema Hidratante Calmante con Centella Asiática,TORRIDEN,torriden-balanceful-cica-cream,https://www.skinko.com.ar/products/torriden-balanceful-cica-cream,80,no,37,3,3,,66,5,sin meta description; title SEO 80 car.; descripción corta (37 pal.); 3 imágenes sin alt; sin tipo de producto
MADECA21 Teca Solution Soothing Capsule Ampoule 30ml – Ampolla Facial Calmante e Hidratante con Complejo TECA,MADECA21 (by centellian),madeca21-teca-solution-soothing-capsule-ampoule,https://www.skinko.com.ar/products/madeca21-teca-solution-soothing-capsule-ampoule,124,no,25,3,3,,140,5,sin meta description; title SEO 124 car.; descripción corta (25 pal.); 3 imágenes sin alt; sin tipo de producto
MADECA21 Teca Solution Soothing Spot Gel 15ml – Gel Facial Calmante Localizado con Complejo TECA y Ácido Salicílico,MADECA21 (by centellian),madeca21-teca-solution-soothing-spot-gel,https://www.skinko.com.ar/products/madeca21-teca-solution-soothing-spot-gel,110,no,23,3,3,,164,5,sin meta description; title SEO 110 car.; descripción corta (23 pal.); 3 imágenes sin alt; sin tipo de producto
MADECA21 Teca Solution Soothing Cream 50ml – Crema Facial Hidratante y Calmante con Centella Asiática,MADECA21 (by centellian),madeca21-teca-solution-soothing-cream,https://www.skinko.com.ar/products/madeca21-teca-solution-soothing-cream,96,no,27,3,3,,41,5,sin meta description; title SEO 96 car.; descripción corta (27 pal.); 3 imágenes sin alt; sin tipo de producto
MADECA21 Teca Solution Soothing Gel Cleanser 100ml – Limpiador Facial Calmante y Purificante con Centella,MADECA21 (by centellian),madeca21-teca-solution-soothing-gel-cleanser,https://www.skinko.com.ar/products/madeca21-teca-solution-soothing-gel-cleanser,108,no,25,3,3,,18,5,sin meta description; title SEO 108 car.; descripción corta (25 pal.); 3 imágenes sin alt; sin tipo de producto
MADECA21 Relief Spot Care Patch 68u – Parches para Imperfecciones y Alivio Temprano con Árbol de Té,MADECA21 (by centellian),madeca21-relief-spot-care-patch,https://www.skinko.com.ar/products/madeca21-relief-spot-care-patch,113,no,21,3,3,,37,5,sin meta description; title SEO 113 car.; descripción corta (21 pal.); 3 imágenes sin alt; sin tipo de producto
MADECA21 Teca Toning Toner 150ml – Tónico Facial Iluminador y Equilibrante con Niacinamida y Complejo TECA,MADECA21 (by centellian),madeca21-teca-toning-toner,https://www.skinko.com.ar/products/madeca21-teca-toning-toner,84,no,26,4,4,,127,5,sin meta description; title SEO 84 car.; descripción corta (26 pal.); 4 imágenes sin alt; sin tipo de producto
MADECA21 Teca Toning Capsule Serum 30ml – Sérum Facial Iluminador y Suavizante con Niacinamida,MADECA21 (by centellian),madeca21-teca-toning-capsule-serum,https://www.skinko.com.ar/products/madeca21-teca-toning-capsule-serum,89,no,26,4,4,,64,5,sin meta description; title SEO 89 car.; descripción corta (26 pal.); 4 imágenes sin alt; sin tipo de producto
MADECA21 Teca Toning Cream 50ml – Crema Facial Unificadora de Tono e Iluminadora con Niacinamida,MADECA21 (by centellian),madeca21-teca-toning-cream,https://www.skinko.com.ar/products/madeca21-teca-toning-cream,77,no,26,4,4,,43,5,sin meta description; title SEO 77 car.; descripción corta (26 pal.); 4 imágenes sin alt; sin tipo de producto
MADECA21 Teca Toning Spot Essence 15ml – Esencia Correctora de Manchas Localizada con Niacinamida,MADECA21 (by centellian),madeca21-teca-toning-spot-essence,https://www.skinko.com.ar/products/madeca21-teca-toning-spot-essence,92,no,21,4,4,,228,5,sin meta description; title SEO 92 car.; descripción corta (21 pal.); 4 imágenes sin alt; sin tipo de producto
MADECA21 Teca Toning Pink Pad 4u – Pads Faciales Iluminadores y Calmantes con Niacinamida,MADECA21 (by centellian),madeca21-teca-toning-pink-pad,https://www.skinko.com.ar/products/madeca21-teca-toning-pink-pad,86,no,23,4,4,,215,5,sin meta description; title SEO 86 car.; descripción corta (23 pal.); 4 imágenes sin alt; sin tipo de producto
MEDI-PEEL Extra Super 9 Plus 2.0 100ml – Tratamiento Eliminador de Puntos Negros con Complejo Super9,MEDIPEEL,medi-peel-extra-super-9-plus-2-0,https://www.skinko.com.ar/products/medi-peel-extra-super-9-plus-2-0,90,no,24,3,3,,72,5,sin meta description; title SEO 90 car.; descripción corta (24 pal.); 3 imágenes sin alt; sin tipo de producto
MEDI-PEEL EGF Scaling Moisture Foot Cream 2.0 130g – Crema Reparadora de Pies con EGF y Urea,MEDIPEEL,medi-peel-egf-scaling-moisture-foot-cream-2-0,https://www.skinko.com.ar/products/medi-peel-egf-scaling-moisture-foot-cream-2-0,87,no,24,3,3,,50,5,sin meta description; title SEO 87 car.; descripción corta (24 pal.); 3 imágenes sin alt; sin tipo de producto
MEDI-PEEL Red Lacto Collagen Pore Lifting Mask 1u – Mascarilla Facial Reafirmante con Extracto de Colágeno,MEDIPEEL,medi-peel-red-lacto-collagen-pore-lifting-mask,https://www.skinko.com.ar/products/medi-peel-red-lacto-collagen-pore-lifting-mask,103,no,24,3,3,,58,5,sin meta description; title SEO 103 car.; descripción corta (24 pal.); 3 imágenes sin alt; sin tipo de producto
MEDI-PEEL Red Lacto Collagen Wrapping Mask 70ml – Mascarilla Peel-Off de Colágeno de Bajo Peso Molecular,MEDIPEEL,medi-peel-red-lacto-collagen-wrapping-mask,https://www.skinko.com.ar/products/medi-peel-red-lacto-collagen-wrapping-mask,112,no,26,4,4,,194,5,sin meta description; title SEO 112 car.; descripción corta (26 pal.); 4 imágenes sin alt; sin tipo de producto
MEDI-PEEL Peptide 9 Volume Lifting All In One Essence Pro 100ml – Esencia Facial Efecto Lifting con 9 Péptidos,MEDIPEEL,medi-peel-peptide-9-volume-lifting-all-in-one-essence-pro,https://www.skinko.com.ar/products/medi-peel-peptide-9-volume-lifting-all-in-one-essence-pro,126,no,25,3,3,,49,5,sin meta description; title SEO 126 car.; descripción corta (25 pal.); 3 imágenes sin alt; sin tipo de producto
MEDI-PEEL Peptide 9 Volume Biotox Ampoule Pro 100ml – Sérum Iluminador y Antioxidante con Astaxantina,MEDIPEEL,medi-peel-peptide-9-volume-biotox-ampoule-pro,https://www.skinko.com.ar/products/medi-peel-peptide-9-volume-biotox-ampoule-pro,95,no,23,3,3,,46,5,sin meta description; title SEO 95 car.; descripción corta (23 pal.); 3 imágenes sin alt; sin tipo de producto
MEDI-PEEL Hyaluronic Acid Layer Mooltox Ampoule 30ml – Sérum Hidratante y Minimizador de Poros con Ácido Hialurónico,MEDIPEEL,medi-peel-hyaluronic-acid-layer-mooltox-ampoule,https://www.skinko.com.ar/products/medi-peel-hyaluronic-acid-layer-mooltox-ampoule,120,no,25,3,3,,71,5,sin meta description; title SEO 120 car.; descripción corta (25 pal.); 3 imágenes sin alt; sin tipo de producto
MEDI-PEEL Peptide 9 Volume Bio Tox Trial Kit 4 pcs – Kit de Rutina Reafirmante con 9 Tipos de Péptidos,MEDIPEEL,medi-peel-peptide-9-volume-bio-tox-trial-kit,https://www.skinko.com.ar/products/medi-peel-peptide-9-volume-bio-tox-trial-kit,95,no,38,3,3,,41,5,sin meta description; title SEO 95 car.; descripción corta (38 pal.); 3 imágenes sin alt; sin tipo de producto
MEDI-PEEL Red Lacto Collagen Clear 2.0 120ml – Limpiador Facial Reductor de Poros con Lactobacilos,MEDIPEEL,medi-peel-red-lacto-collagen-clear-2-0,https://www.skinko.com.ar/products/medi-peel-red-lacto-collagen-clear-2-0,105,no,22,3,3,,63,5,sin meta description; title SEO 105 car.; descripción corta (22 pal.); 3 imágenes sin alt; sin tipo de producto
MEDI-PEEL Luxury 24K Gold Ampoule 100ml – Ampolla Revitalizante e Hidratante con Oro de 24K,MEDIPEEL,medi-peel-luxury-24k-gold-ampoule,https://www.skinko.com.ar/products/medi-peel-luxury-24k-gold-ampoule,85,no,25,3,3,,192,5,sin meta description; title SEO 85 car.; descripción corta (25 pal.); 3 imágenes sin alt; sin tipo de producto
MEDI-PEEL Peptide 9 Volume Lif-Tox Eye Cream 20ml – Contorno de Ojos Reafirmante e Iluminador con 9 Péptidos,MEDIPEEL,medi-peel-peptide-9-volume-lif-tox-eye-cream,https://www.skinko.com.ar/products/medi-peel-peptide-9-volume-lif-tox-eye-cream,115,no,24,3,3,,48,5,sin meta description; title SEO 115 car.; descripción corta (24 pal.); 3 imágenes sin alt; sin tipo de producto
MEDI-PEEL Lif-Tox Ampoule 35ml – Ampolla Reafirmante y Revitalizante con Colágeno e Hidrolizado de Elastina,MEDIPEEL,medi-peel-lif-tox-ampoule,https://www.skinko.com.ar/products/medi-peel-lif-tox-ampoule,102,no,26,3,3,,44,5,sin meta description; title SEO 102 car.; descripción corta (26 pal.); 3 imágenes sin alt; sin tipo de producto
DAILY COMMA Bello de Perfume Body Wash 500ml – Gel de Ducha Perfumado con Extractos Botánicos y Fragancia,DAILY COMMA,daily-comma-bello-de-perfume-body-wash,https://www.skinko.com.ar/products/daily-comma-bello-de-perfume-body-wash,111,no,35,4,4,,328,5,sin meta description; title SEO 111 car.; descripción corta (35 pal.); 4 imágenes sin alt; sin tipo de producto
DAILY COMMA Aroma Perfume Mist 15ml – Fragancia Portátil Unisex con Notas de Almizcle Blanco,DAILY COMMA,daily-comma-aroma-perfume-mist,https://www.skinko.com.ar/products/daily-comma-aroma-perfume-mist,97,no,37,13,13,,2580,5,sin meta description; title SEO 97 car.; descripción corta (37 pal.); 13 imágenes sin alt; sin tipo de producto
BIODANCE | Radiant Vita Niacinamide Real Deep Mask 34g 1u – Mascarilla de Hidrogel Iluminadora con Niacinamida y Vitaminas.,BIODANCE,biodance-radiant-vita-niacinamide-real-deep-mask,https://www.skinko.com.ar/products/biodance-radiant-vita-niacinamide-real-deep-mask,101,no,32,3,3,Mascarilla,53,5,sin meta description; title SEO 101 car.; descripción corta (32 pal.); 3 imágenes sin alt; marca inconsistente (BIODANCE)
BIODANCE | Refreshing Sea Kelp Real Deep Mask 34g 1u – Mascarilla de Hidrogel Calmante y Purificante con Algas Marinas.,BIODANCE,biodance-refreshing-sea-kelp-real-deep-mask,https://www.skinko.com.ar/products/biodance-refreshing-sea-kelp-real-deep-mask,109,no,32,3,3,Mascarilla,329,5,sin meta description; title SEO 109 car.; descripción corta (32 pal.); 3 imágenes sin alt; marca inconsistente (BIODANCE)
BIOHEAL BOH | Probioderm Collagen Remodeling Serum Gel Mask 30g,BIOHEAL,bioheal-boh-probioderm-collagen-remodeling-serum-gel-mask,https://www.skinko.com.ar/products/bioheal-boh-probioderm-collagen-remodeling-serum-gel-mask,107,no,38,3,3,Mascarilla,0,5,sin meta description; title SEO 107 car.; descripción corta (38 pal.); 3 imágenes sin alt; sin stock
ESTHER FORMULA Lyuh Esther Liposome Glutathione White Max 30 láminas – Suplemento Iluminador con Glutatión Liposomado,ESTHER FORMULA,esther-formula-lyuh-esther-liposome-glutathione-white-max,https://www.skinko.com.ar/products/esther-formula-lyuh-esther-liposome-glutathione-white-max,105,no,24,3,3,,93,5,sin meta description; title SEO 105 car.; descripción corta (24 pal.); 3 imágenes sin alt; sin tipo de producto
"ESTHER FORMULA Liposome Glutathione Direct Ultra 30u – Suplemento Antioxidante e Iluminador con Glutatión Liposomal, Vitamina C y Cardo Mariano.",ESTHER FORMULA,esther-formula-liposome-glutathione-direct-ultra-x,https://www.skinko.com.ar/products/esther-formula-liposome-glutathione-direct-ultra-x,114,no,37,3,3,,67,5,sin meta description; title SEO 114 car.; descripción corta (37 pal.); 3 imágenes sin alt; sin tipo de producto
ESTHER FORMULA Lyuh Esther Curcumin Direct Film 30 láminas – Suplemento Antiinflamatorio con Curcumina Hidrosoluble,ESTHER FORMULA,esther-formula-lyuh-esther-curcumin-direct-film,https://www.skinko.com.ar/products/esther-formula-lyuh-esther-curcumin-direct-film,98,no,18,3,3,,4,5,sin meta description; title SEO 98 car.; descripción corta (18 pal.); 3 imágenes sin alt; sin tipo de producto
ESTHER FORMULA Lyuh Esther NMN Phytos Film 2X 30 láminas – Suplemento Antiedad Bucodispersable con NMN de Brócoli,ESTHER FORMULA,esther-formula-lyuh-esther-nmn-phytos-film-2x,https://www.skinko.com.ar/products/esther-formula-lyuh-esther-nmn-phytos-film-2x,97,no,24,4,4,,39,5,sin meta description; title SEO 97 car.; descripción corta (24 pal.); 4 imágenes sin alt; sin tipo de producto
PYUNKANG YUL Essence Toner 100ml – Tónico Facial Hidratante y Revitalizante con Extracto de Raíz de Astrágalo,PYUNKANG YUL,pyunkang-yul-essence-toner,https://www.skinko.com.ar/products/pyunkang-yul-essence-toner,103,no,23,3,3,,136,5,sin meta description; title SEO 103 car.; descripción corta (23 pal.); 3 imágenes sin alt; sin tipo de producto
PYUNKANG YUL Low pH Pore Deep Cleansing Foam 100ml – Limpiador de Poros Profundo con Centella Asiática,PYUNKANG YUL,pyunkang-yul-low-ph-pore-deep-cleansing-foam,https://www.skinko.com.ar/products/pyunkang-yul-low-ph-pore-deep-cleansing-foam,96,no,23,3,3,,168,5,sin meta description; title SEO 96 car.; descripción corta (23 pal.); 3 imágenes sin alt; sin tipo de producto
PYUNKANG YUL Calming Moisture Barrier Cream 50ml – Crema Hidratante Reparadora con Centella Asiática,PYUNKANG YUL,pyunkang-yul-calming-moisture-barrier-cream,https://www.skinko.com.ar/products/pyunkang-yul-calming-moisture-barrier-cream,95,no,18,3,3,,53,5,sin meta description; title SEO 95 car.; descripción corta (18 pal.); 3 imágenes sin alt; sin tipo de producto
PYUNKANG YUL Calming Moisture Mist 100ml – Bruma Hidratante y Calmante con Centella Asiática,PYUNKANG YUL,pyunkang-yul-calming-moisture-mist,https://www.skinko.com.ar/products/pyunkang-yul-calming-moisture-mist,86,no,24,3,3,,116,5,sin meta description; title SEO 86 car.; descripción corta (24 pal.); 3 imágenes sin alt; sin tipo de producto
PYUNKANG YUL Black Tea Deep Infusion Toner 130ml – Tónico Facial Revitalizante con Té Negro Fermentado,PYUNKANG YUL,pyunkang-yul-black-tea-deep-infusion-toner,https://www.skinko.com.ar/products/pyunkang-yul-black-tea-deep-infusion-toner,96,no,19,4,4,,139,5,sin meta description; title SEO 96 car.; descripción corta (19 pal.); 4 imágenes sin alt; sin tipo de producto
PYUNKANG YUL Black Tea Boosting Serum 45ml – Serum Facial Revitalizante con Té Negro Fermentado,PYUNKANG YUL,pyunkang-yul-black-tea-boosting-serum,https://www.skinko.com.ar/products/pyunkang-yul-black-tea-boosting-serum,90,no,24,3,3,,130,5,sin meta description; title SEO 90 car.; descripción corta (24 pal.); 3 imágenes sin alt; sin tipo de producto
PYUNKANG YUL Black Tea Enriched Cream 60ml – Crema Facial Revitalizante con Té Negro Fermentado,PYUNKANG YUL,pyunkang-yul-black-tea-enriched-cream,https://www.skinko.com.ar/products/pyunkang-yul-black-tea-enriched-cream,90,no,19,3,3,,158,5,sin meta description; title SEO 90 car.; descripción corta (19 pal.); 3 imágenes sin alt; sin tipo de producto
PYUNKANG YUL Black Tea Time Reverse Eye Patch 60u – Parches de Ojos Antiedad con Té Negro Fermentado,PYUNKANG YUL,pyunkang-yul-black-tea-time-reverse-eye-patch,https://www.skinko.com.ar/products/pyunkang-yul-black-tea-time-reverse-eye-patch,96,no,22,3,3,,140,5,sin meta description; title SEO 96 car.; descripción corta (22 pal.); 3 imágenes sin alt; sin tipo de producto
PYUNKANG YUL Ato Moisturizing Soothing Gel Lotion 150ml – Loción Hidratante y Calmante con Extracto de Madreselva,PYUNKANG YUL,pyunkang-yul-ato-moisturizing-soothing-gel-lotion,https://www.skinko.com.ar/products/pyunkang-yul-ato-moisturizing-soothing-gel-lotion,107,no,20,3,3,,156,5,sin meta description; title SEO 107 car.; descripción corta (20 pal.); 3 imágenes sin alt; sin tipo de producto
NUMBUZIN No.1 Pantothenic B5 Hyaluronic Active Clear Mask 1u – Mascarilla Calmante Anti-imperfecciones con Ácido Pantoténico (Vitamina B5),NUMBUZIN,numbuzin-no-1-pantothenic-b5-hyaluronic-active-clear-mask,https://www.skinko.com.ar/products/numbuzin-no-1-pantothenic-b5-hyaluronic-active-clear-mask,135,no,23,4,4,,94,5,sin meta description; title SEO 135 car.; descripción corta (23 pal.); 4 imágenes sin alt; sin tipo de producto
NUMBUZIN No.2 Water Collagen 65% Voluming Sheet Mask 1u – Mascarilla Nocturna Reafirmante con Colágeno y Pdrn de Rosa,NUMBUZIN,numbuzin-no-2-water-collagen-65-voluming-sheet-mask,https://www.skinko.com.ar/products/numbuzin-no-2-water-collagen-65-voluming-sheet-mask,109,no,23,5,5,,32,5,sin meta description; title SEO 109 car.; descripción corta (23 pal.); 5 imágenes sin alt; sin tipo de producto
NUMBUZIN No.5+ Glutathione Vitamin Concentrated Mask 1u – Mascarilla Iluminadora y Antimanchas con Glutatión y Vitamina C,NUMBUZIN,numbuzin-no-5-glutathione-vitamin-concentrated-mask,https://www.skinko.com.ar/products/numbuzin-no-5-glutathione-vitamin-concentrated-mask,118,no,25,4,4,,85,5,sin meta description; title SEO 118 car.; descripción corta (25 pal.); 4 imágenes sin alt; sin tipo de producto
NUMBUZIN No. 9 Nad Bio Lifting-sil Full Face Pack Sheet 1u – Mascarilla Efecto Lifting y Firmeza con Nad+ y 50 Péptidos,NUMBUZIN,numbuzin-no-9-nad-bio-lifting-sil-full-face-pack-sheet,https://www.skinko.com.ar/products/numbuzin-no-9-nad-bio-lifting-sil-full-face-pack-sheet,106,no,22,4,4,,36,5,sin meta description; title SEO 106 car.; descripción corta (22 pal.); 4 imágenes sin alt; sin tipo de producto
NUMBUZIN No.5+ Glutathione Vitamin Concentrated Serum 30ml – Sérum Iluminador y Despigmentante con Glutatión,NUMBUZIN,numbuzin-no-5-glutathione-vitamin-concentrated-serum,https://www.skinko.com.ar/products/numbuzin-no-5-glutathione-vitamin-concentrated-serum,103,no,22,4,4,,73,5,sin meta description; title SEO 103 car.; descripción corta (22 pal.); 4 imágenes sin alt; sin tipo de producto
NUMBUZIN No.9 Nad+ Collagen Under Eye Patches 5EA – Parches para Ojos Revitalizantes con Colágeno de Bajo Peso Molecular,NUMBUZIN,numbuzin-no-9-nad-collagen-under-eye-patches,https://www.skinko.com.ar/products/numbuzin-no-9-nad-collagen-under-eye-patches,116,no,23,4,4,,71,5,sin meta description; title SEO 116 car.; descripción corta (23 pal.); 4 imágenes sin alt; sin tipo de producto
NUMBUZIN No.3 Tingle-Pore Softening Sheet Mask 1u – Mascarilla Suavizante de Poros con Bífida y Galactomyces,NUMBUZIN,numbuzin-no-3-tingle-pore-softening-sheet-mask,https://www.skinko.com.ar/products/numbuzin-no-3-tingle-pore-softening-sheet-mask,106,no,22,4,4,,107,5,sin meta description; title SEO 106 car.; descripción corta (22 pal.); 4 imágenes sin alt; sin tipo de producto
NUMBUZIN No.9 Nad+ Retinol Volumetox Eye Cream 10ml – Contorno de Ojos Reafirmante y Voluminizador con Retinol y 50 Péptidos,NUMBUZIN,numbuzin-no-9-nad-retinol-volumetox-eye-cream,https://www.skinko.com.ar/products/numbuzin-no-9-nad-retinol-volumetox-eye-cream,119,no,23,4,4,,88,5,sin meta description; title SEO 119 car.; descripción corta (23 pal.); 4 imágenes sin alt; sin tipo de producto
FRANKLY Closer Pore Reducing Serum 30ml – Serum Reductor de Poros y Firmeza con Complejo de 9 Péptidos,FRANKLY,frankly-closer-pore-reducing-serum,https://www.skinko.com.ar/products/frankly-closer-pore-reducing-serum,97,no,26,4,4,,113,5,sin meta description; title SEO 97 car.; descripción corta (26 pal.); 4 imágenes sin alt; sin tipo de producto
FRANKLY Closer Pore Minimizing Mask 1 x 22ml – Mascarilla Facial Minimizadora de Poros con Péptidos y Ácido Hialurónico,FRANKLY,frankly-closer-pore-minimizing-mask,https://www.skinko.com.ar/products/frankly-closer-pore-minimizing-mask,115,no,22,4,4,,96,5,sin meta description; title SEO 115 car.; descripción corta (22 pal.); 4 imágenes sin alt; sin tipo de producto
FRANKLY PDRN Bounce Ball Serum 30ml – Sérum Regenerador y de Firmeza con PDRN de Salmón,FRANKLY,frankly-pdrn-bounce-ball-serum,https://www.skinko.com.ar/products/frankly-pdrn-bounce-ball-serum,82,no,22,3,3,,140,5,sin meta description; title SEO 82 car.; descripción corta (22 pal.); 3 imágenes sin alt; sin tipo de producto
FRANKLY Retinol 0.1% Cream 30ml – Crema Reparadora de Arrugas y Textura con Retinol Puro,FRANKLY,frankly-retinol-0-1-cream,https://www.skinko.com.ar/products/frankly-retinol-0-1-cream,97,no,23,4,4,,96,5,sin meta description; title SEO 97 car.; descripción corta (23 pal.); 4 imágenes sin alt; sin tipo de producto
FRANKLY Retinol 0.3% Cream 20ml – Crema Reparadora Intensiva de Arrugas con Retinol Puro,FRANKLY,frankly-retinol-0-3-cream,https://www.skinko.com.ar/products/frankly-retinol-0-3-cream,82,no,22,4,4,,96,5,sin meta description; title SEO 82 car.; descripción corta (22 pal.); 4 imágenes sin alt; sin tipo de producto
ELROEL No Sebum Fixing Powder 5g – Polvos Sueltos Matificantes y Fijadores,ELROEL,elroel-no-sebum-fixing-powder,https://www.skinko.com.ar/products/elroel-no-sebum-fixing-powder,90,no,27,3,3,,148,5,sin meta description; title SEO 90 car.; descripción corta (27 pal.); 3 imágenes sin alt; sin tipo de producto
FURRIKY SilkShield Hair Mist Repair Dawn 90ml – Bruma Capilar Reparadora y Suavizante con Complejo Silkshield,FURRIKY,furriky-silkshield-hair-mist-repair-dawn,https://www.skinko.com.ar/products/furriky-silkshield-hair-mist-repair-dawn,98,no,17,3,3,,147,5,sin meta description; title SEO 98 car.; descripción corta (17 pal.); 3 imágenes sin alt; sin tipo de producto
FURRIKY SilkShield Glow Shampoo EL 300ml – Champú Iluminador y Anticaída con Ácido Salicílico,FURRIKY,furriky-silkshield-glow-shampoo-el,https://www.skinko.com.ar/products/furriky-silkshield-glow-shampoo-el,88,no,17,3,3,,56,5,sin meta description; title SEO 88 car.; descripción corta (17 pal.); 3 imágenes sin alt; sin tipo de producto
FURRIKY SilkShield Glow Treatment LE 300ml – Tratamiento Capilar Iluminador y Suavizante con Fermentos Naturales,FURRIKY,furriky-silkshield-glow-treatment-le,https://www.skinko.com.ar/products/furriky-silkshield-glow-treatment-le,112,no,21,3,3,,57,5,sin meta description; title SEO 112 car.; descripción corta (21 pal.); 3 imágenes sin alt; sin tipo de producto
"FURRIKY Leave-in Treatment DEW 200ml – Tratamiento Hidratante sin Enjuague con Ácido Hialurónico, Seda y Pantenol.",FURRIKY,furriky-leave-in-treatment-dew,https://www.skinko.com.ar/products/furriky-leave-in-treatment-dew,97,no,40,3,3,,53,5,sin meta description; title SEO 97 car.; descripción corta (40 pal.); 3 imágenes sin alt; sin tipo de producto
DINTO PRELUDE La Belle Rose Plumping Lip Tint 5g – Tinta de Labios Hidratante Efecto Plumping con Extracto de Rosa,Prelude by DINTO,dinto-prelude-la-belle-rose-plumping-lip-tint,https://www.skinko.com.ar/products/dinto-prelude-la-belle-rose-plumping-lip-tint,111,no,23,6,6,,489,5,sin meta description; title SEO 111 car.; descripción corta (23 pal.); 6 imágenes sin alt; sin tipo de producto
DINTO PRELUDE Nostalgia Eye Palette 4g – Paleta de Sombras de Ojos con Pigmentos Minerales,Prelude by DINTO,dinto-prelude-nostalgia-eye-palette,https://www.skinko.com.ar/products/dinto-prelude-nostalgia-eye-palette,87,no,21,8,8,,267,5,sin meta description; title SEO 87 car.; descripción corta (21 pal.); 8 imágenes sin alt; sin tipo de producto
"DINTO PRELUDE Dante Sharpenable Brow Pencil 0,8g – Lápiz de Cejas de Precisión con Ceras Naturales",Prelude by DINTO,dinto-prelude-dante-sharpenable-brow-pencil,https://www.skinko.com.ar/products/dinto-prelude-dante-sharpenable-brow-pencil,99,no,23,3,3,,123,5,sin meta description; title SEO 99 car.; descripción corta (23 pal.); 3 imágenes sin alt; sin tipo de producto
DINTO PRELUDE Dante Triple Proof Slim Eyeliner 51 Abyss 0.14g – Delineador de Ojos de Larga Duración con Pigmentos de Alta Intensidad,Prelude by DINTO,dinto-prelude-dante-triple-proof-slim-eyeliner,https://www.skinko.com.ar/products/dinto-prelude-dante-triple-proof-slim-eyeliner,135,no,21,3,3,,44,5,sin meta description; title SEO 135 car.; descripción corta (21 pal.); 3 imágenes sin alt; sin tipo de producto
DINTO PRELUDE Fairy Dust Loose Powder 5g – Polvos Sueltos de Acabado Filtro y Corrección con Sílica Silk,Prelude by DINTO,dinto-prelude-fairy-dust-loose-powder,https://www.skinko.com.ar/products/dinto-prelude-fairy-dust-loose-powder,93,no,24,3,3,,214,5,sin meta description; title SEO 93 car.; descripción corta (24 pal.); 3 imágenes sin alt; sin tipo de producto
JUMISO Pore-Purifying Salicylic Acid Foaming Cleanser 120g – Limpiador Facial Purificante y Exfoliante con Ácido Salicílico,JUMISO,jumiso-pore-purifying-salicylic-acid-foaming-cleanser,https://www.skinko.com.ar/products/jumiso-pore-purifying-salicylic-acid-foaming-cleanser,125,no,26,4,4,,73,5,sin meta description; title SEO 125 car.; descripción corta (26 pal.); 4 imágenes sin alt; sin tipo de producto
JUMISO 2-in-1 Blackhead Remover Tool 36g – Herramienta de Limpieza Profunda de Puntos Negros de Silicona y Acero,JUMISO,jumiso-2-in-1-blackhead-remover-tool,https://www.skinko.com.ar/products/jumiso-2-in-1-blackhead-remover-tool,134,no,24,5,5,,95,5,sin meta description; title SEO 134 car.; descripción corta (24 pal.); 5 imágenes sin alt; sin tipo de producto
JUMISO D-Panthenol Barrier Soothing Cream 80ml – Crema Facial Reparadora y Equilibrante con D-Pantenol,JUMISO,jumiso-d-panthenol-barrier-soothing-cream,https://www.skinko.com.ar/products/jumiso-d-panthenol-barrier-soothing-cream,90,no,23,4,4,,138,5,sin meta description; title SEO 90 car.; descripción corta (23 pal.); 4 imágenes sin alt; sin tipo de producto
JUMISO D-Panthenol Barrier Soothing Cleansing Milk 300ml – Leche Limpiadora Calmante y Reparadora con D-Pantenol,JUMISO,jumiso-d-panthenol-barrier-soothing-cleansing-milk,https://www.skinko.com.ar/products/jumiso-d-panthenol-barrier-soothing-cleansing-milk,106,no,24,4,4,,116,5,sin meta description; title SEO 106 car.; descripción corta (24 pal.); 4 imágenes sin alt; sin tipo de producto
JUMISO Niacinamide 20 Serum 40ml – Serum Corrector de Manchas y Poros con Niacinamida al 20%,JUMISO,jumiso-niacinamide-20-serum,https://www.skinko.com.ar/products/jumiso-niacinamide-20-serum,86,no,23,4,4,,83,5,sin meta description; title SEO 86 car.; descripción corta (23 pal.); 4 imágenes sin alt; sin tipo de producto
JUMISO Niacinamide 5+ Overnight Capsule Cream 50ml – Crema de Noche Iluminadora y Perfeccionadora con Niacinamida,JUMISO,jumiso-niacinamide-5-overnight-capsule-cream,https://www.skinko.com.ar/products/jumiso-niacinamide-5-overnight-capsule-cream,108,no,26,4,4,,123,5,sin meta description; title SEO 108 car.; descripción corta (26 pal.); 4 imágenes sin alt; sin tipo de producto
BAREN Nail and Cuticle Care Essence Oil Pen 2ml – Aceite Nutritivo para Uñas y Cutículas con Aceite de Jojoba,BAREN,baren-nail-and-cuticle-care-essence-oil-pen,https://www.skinko.com.ar/products/baren-nail-and-cuticle-care-essence-oil-pen,105,sí,36,2,2,,209,5,title SEO 105 car.; descripción corta (36 pal.); 2 imágenes sin alt; solo 2 imágenes; sin tipo de producto
AXIS-Y Dark Spot Correcting Glow Serum 50ml – Serum Corrector de Manchas e Iluminador con Niacinamida 5%,AXIS-Y,axis-y-dark-spot-correcting-glow-serum,https://www.skinko.com.ar/products/axis-y-dark-spot-correcting-glow-serum,99,no,37,3,3,,131,5,sin meta description; title SEO 99 car.; descripción corta (37 pal.); 3 imágenes sin alt; sin tipo de producto
AXIS-Y Sunday Morning Refreshing Cleansing Foam 120ml – Limpiador Facial Espumoso pH 5.5 con Aquaxyl,AXIS-Y,axis-y-sunday-morning-refreshing-cleansing-foam,https://www.skinko.com.ar/products/axis-y-sunday-morning-refreshing-cleansing-foam,94,no,33,4,4,,153,5,sin meta description; title SEO 94 car.; descripción corta (33 pal.); 4 imágenes sin alt; sin tipo de producto
AXIS-Y Spot The Difference Blemish Treatment 15ml – Tratamiento Focalizado para Imperfecciones con Extracto de Árbol de Té,AXIS-Y,axis-y-spot-the-difference-blemish-treatment,https://www.skinko.com.ar/products/axis-y-spot-the-difference-blemish-treatment,117,no,34,4,4,,132,5,sin meta description; title SEO 117 car.; descripción corta (34 pal.); 4 imágenes sin alt; sin tipo de producto
AXIS-Y Vegan Collagen Eye Serum 10ml – Serum para Contorno de Ojos Antiedad con Colágeno Vegano,AXIS-Y,axis-y-vegan-collagen-eye-serum,https://www.skinko.com.ar/products/axis-y-vegan-collagen-eye-serum,90,no,35,4,4,,86,5,sin meta description; title SEO 90 car.; descripción corta (35 pal.); 4 imágenes sin alt; sin tipo de producto
AXIS-Y Dark Spot Correcting Glow Toner 125ml – Tónico Iluminador y Antimanchas con Niacinamida 5%,AXIS-Y,axis-y-dark-spot-correcting-glow-toner,https://www.skinko.com.ar/products/axis-y-dark-spot-correcting-glow-toner,91,no,37,3,3,,146,5,sin meta description; title SEO 91 car.; descripción corta (37 pal.); 3 imágenes sin alt; sin tipo de producto
AXIS-Y TXA 2.5% Intensive Brightening Cream 50ml – Crema Hidratante Iluminadora Intensiva con Ácido Tranexámico,AXIS-Y,axis-y-txa-2-5-intensive-brightening-cream,https://www.skinko.com.ar/products/axis-y-txa-2-5-intensive-brightening-cream,106,no,34,4,4,,103,5,sin meta description; title SEO 106 car.; descripción corta (34 pal.); 4 imágenes sin alt; sin tipo de producto
GROWUS Damage Therapy Shampoo 500ml – Champú Reparador para Cabello Dañado con Proteína y Colágeno,GROWUS,growus-damage-therapy-shampoo,https://www.skinko.com.ar/products/growus-damage-therapy-shampoo,95,no,18,3,3,,59,5,sin meta description; title SEO 95 car.; descripción corta (18 pal.); 3 imágenes sin alt; sin tipo de producto
GROWUS Damage Therapy No-wash Treatment EX 250ml – Tratamiento Reparador sin Enjuague con Colágeno y Proteínas,GROWUS,growus-damage-therapy-no-wash-treatment-ex,https://www.skinko.com.ar/products/growus-damage-therapy-no-wash-treatment-ex,104,no,24,4,4,,58,5,sin meta description; title SEO 104 car.; descripción corta (24 pal.); 4 imágenes sin alt; sin tipo de producto
GROWUS Damage Therapy Hair Oil 65ml – Aceite Capilar Reparador y de Brillo con Proteínas y Colágeno,GROWUS,growus-damage-therapy-hair-oil,https://www.skinko.com.ar/products/growus-damage-therapy-hair-oil,94,no,22,4,4,,77,5,sin meta description; title SEO 94 car.; descripción corta (22 pal.); 4 imágenes sin alt; sin tipo de producto
GROWUS Damage Therapy Hair Milk 160ml – Leche Capilar Reparadora y Protectora con Proteína de Keratina y Seda,GROWUS,growus-damage-therapy-hair-milk,https://www.skinko.com.ar/products/growus-damage-therapy-hair-milk,103,no,20,3,3,,86,5,sin meta description; title SEO 103 car.; descripción corta (20 pal.); 3 imágenes sin alt; sin tipo de producto
Seapuri Scalpy Hair Serum 20ml – Serum Capilar Anticaída Y Revitalizante Con Ácido Salicílico,SEAPURI,seapuri-scalpy-hair-serum,https://www.skinko.com.ar/products/seapuri-scalpy-hair-serum,88,no,34,3,3,,107,5,sin meta description; title SEO 88 car.; descripción corta (34 pal.); 3 imágenes sin alt; sin tipo de producto
Seapuri Scalpy Bubble Tonic 100ml – Tónico Anticaspa Y Crecimiento Con Ácido Salicílico,SEAPURI,seapuri-scalpy-bubble-tonic,https://www.skinko.com.ar/products/seapuri-scalpy-bubble-tonic,81,no,31,3,3,,116,5,sin meta description; title SEO 81 car.; descripción corta (31 pal.); 3 imágenes sin alt; sin tipo de producto
DR.REJU-ALL Advanced PDRN Rejuvenating Cream 20ml – Crema Revitalizante y Reafirmante con PDRN de Salmón,DR.REJUALL,dr-reju-all-advanced-pdrn-rejuvenating-cream,https://www.skinko.com.ar/products/dr-reju-all-advanced-pdrn-rejuvenating-cream,99,no,27,3,3,,130,5,sin meta description; title SEO 99 car.; descripción corta (27 pal.); 3 imágenes sin alt; sin tipo de producto
DR.REJU-ALL Advanced Retino-Mela Serum 30ml – Sérum Renovador e Iluminador con Retinoide HPR,DR.REJUALL,dr-reju-all-advanced-retino-mela-serum,https://www.skinko.com.ar/products/dr-reju-all-advanced-retino-mela-serum,87,no,27,3,3,,133,5,sin meta description; title SEO 87 car.; descripción corta (27 pal.); 3 imágenes sin alt; sin tipo de producto
SKYBOTTLE - Perfumed Hair & Body Mist - 100ml - Bruma hidratante para cuerpo y cabello - Savia de abedul y extractos botánicos,SKYBOTTLE,skybottle-perfumed-hair-body-mist,https://www.skinko.com.ar/products/skybottle-perfumed-hair-body-mist,118,no,41,5,5,,488,5,sin meta description; title SEO 118 car.; descripción corta (41 pal.); 5 imágenes sin alt; sin tipo de producto
Skybottle Damage Care Perfumed No Wash Treatment Naked Pear 100ml – Tratamiento Reparador Sin Enjuague Con Proteínas,SKYBOTTLE,skybottle-damage-care-perfumed-no-wash-treatment-naked-pear,https://www.skinko.com.ar/products/skybottle-damage-care-perfumed-no-wash-treatment-naked-pear,110,no,32,3,3,,87,5,sin meta description; title SEO 110 car.; descripción corta (32 pal.); 3 imágenes sin alt; sin tipo de producto
Skybottle Deep Moisture Perfumed No Wash Treatment Like A Nectarine 100ml – Tratamiento Hidratante Sin Enjuague Con Pantenol,SKYBOTTLE,skybottle-deep-moisture-perfumed-no-wash-treatment-like-a-nectarine,https://www.skinko.com.ar/products/skybottle-deep-moisture-perfumed-no-wash-treatment-like-a-nectarine,118,no,31,3,3,,87,5,sin meta description; title SEO 118 car.; descripción corta (31 pal.); 3 imágenes sin alt; sin tipo de producto
Skybottle Damage Care Perfumed Silky Hair Spray Naked Pear 100ml – Spray Capilar Reparador Con Proteína De Trigo,SKYBOTTLE,skybottle-damage-care-perfumed-silky-hair-spray-naked-pear,https://www.skinko.com.ar/products/skybottle-damage-care-perfumed-silky-hair-spray-naked-pear,106,no,31,4,4,,70,5,sin meta description; title SEO 106 car.; descripción corta (31 pal.); 4 imágenes sin alt; sin tipo de producto
Skybottle Deep Moisture Perfumed Silky Hair Spray Like A Nectarine 100ml – Spray Capilar Hidratante Con Proteína De Trigo,SKYBOTTLE,skybottle-deep-moisture-perfumed-silky-hair-spray-like-a-nectarine,https://www.skinko.com.ar/products/skybottle-deep-moisture-perfumed-silky-hair-spray-like-a-nectarine,115,no,31,3,3,,57,5,sin meta description; title SEO 115 car.; descripción corta (31 pal.); 3 imágenes sin alt; sin tipo de producto
Skybottle Glow Angeling Perfumed Hair Serum Naked Pear 65ml – Sérum Capilar De Brillo Con Aceite De Argán,SKYBOTTLE,skybottle-glow-angeling-perfumed-hair-serum-naked-pear,https://www.skinko.com.ar/products/skybottle-glow-angeling-perfumed-hair-serum-naked-pear,100,no,35,4,4,,69,5,sin meta description; title SEO 100 car.; descripción corta (35 pal.); 4 imágenes sin alt; sin tipo de producto
Skybottle Deep Moisture Perfumed Hair Serum Like A Nectarine 65ml – Serum Capilar Hidratante Con Extracto De Nectarina,SKYBOTTLE,skybottle-deep-moisture-perfumed-hair-serum-like-a-nectarine,https://www.skinko.com.ar/products/skybottle-deep-moisture-perfumed-hair-serum-like-a-nectarine,113,no,31,4,4,,66,5,sin meta description; title SEO 113 car.; descripción corta (31 pal.); 4 imágenes sin alt; sin tipo de producto
SKYBOTTLE | Perfumed Body Milky Essence 120ml | Esencia Corporal Hidratante | Pantenol y Extractos Botánicos,SKYBOTTLE,skybottle-perfumed-body-milky-essence,https://www.skinko.com.ar/products/skybottle-perfumed-body-milky-essence,113,no,37,3,3,,320,5,sin meta description; title SEO 113 car.; descripción corta (37 pal.); 3 imágenes sin alt; sin tipo de producto
Skybottle Perfumed Body Sherbet Like A Nectarine 120ml – Crema Corporal Refrescante Con Extracto De Durazno,SKYBOTTLE,skybottle-perfumed-body-sherbet-like-a-nectarine,https://www.skinko.com.ar/products/skybottle-perfumed-body-sherbet-like-a-nectarine,101,no,31,3,3,,81,5,sin meta description; title SEO 101 car.; descripción corta (31 pal.); 3 imágenes sin alt; sin tipo de producto
Skybottle Perfumed Body Deep Spread Fig Tea 120ml – Crema Corporal Nutritiva Con Manteca De Karité,SKYBOTTLE,skybottle-perfumed-body-deep-spread-fig-tea,https://www.skinko.com.ar/products/skybottle-perfumed-body-deep-spread-fig-tea,92,no,30,4,4,,74,5,sin meta description; title SEO 92 car.; descripción corta (30 pal.); 4 imágenes sin alt; sin tipo de producto
Some By Mi Aha-Bha-Pha 30 Days Miracle Toner 150ml – Tónico Facial Exfoliante Con Ácido Salicílico,SOMEBYME,some-by-mi-aha-bha-pha-30-days-miracle-toner,https://www.skinko.com.ar/products/some-by-mi-aha-bha-pha-30-days-miracle-toner,92,no,37,3,3,,107,5,sin meta description; title SEO 92 car.; descripción corta (37 pal.); 3 imágenes sin alt; sin tipo de producto
Some By Mi Aha-Bha-Pha 30 Days Miracle Serum 50ml – Serum Facial Exfoliante Con Centella Asiática,SOMEBYME,some-by-mi-aha-bha-pha-30-days-miracle-serum,https://www.skinko.com.ar/products/some-by-mi-aha-bha-pha-30-days-miracle-serum,92,no,31,4,4,,76,5,sin meta description; title SEO 92 car.; descripción corta (31 pal.); 4 imágenes sin alt; sin tipo de producto
Some By Mi Aha-Bha-Pha 30 Days Miracle Cream 60g – Crema Facial Reparadora Con Ácidos Exfoliantes,SOMEBYME,some-by-mi-aha-bha-pha-30-days-miracle-cream,https://www.skinko.com.ar/products/some-by-mi-aha-bha-pha-30-days-miracle-cream,93,no,27,3,3,,88,5,sin meta description; title SEO 93 car.; descripción corta (27 pal.); 3 imágenes sin alt; sin tipo de producto
Some By Mi Aha-Bha-Pha 30 Days Miracle Acne Clear Body Cleanser 400g – Limpiador Corporal Antiacné Con Ácido Salicílico,SOMEBYME,some-by-mi-aha-bha-pha-30-days-miracle-acne-clear-body-cleanser,https://www.skinko.com.ar/products/some-by-mi-aha-bha-pha-30-days-miracle-acne-clear-body-cleanser,114,no,33,3,3,,116,5,sin meta description; title SEO 114 car.; descripción corta (33 pal.); 3 imágenes sin alt; sin tipo de producto
Some By Mi Beta Panthenol Repair Body Cream 200ml – Crema Corporal Reparadora Con Beta-Pantenol,SOMEBYME,some-by-mi-beta-panthenol-repair-body-cream,https://www.skinko.com.ar/products/some-by-mi-beta-panthenol-repair-body-cream,89,no,30,4,4,,108,5,sin meta description; title SEO 89 car.; descripción corta (30 pal.); 4 imágenes sin alt; sin tipo de producto
Some By Mi Real Vitamin Brightening Care Mask 20g – Mascarilla Facial Iluminadora Con Vitamina C,SOMEBYME,some-by-mi-real-vitamin-brightening-care-mask,https://www.skinko.com.ar/products/some-by-mi-real-vitamin-brightening-care-mask,92,no,31,4,4,,138,5,sin meta description; title SEO 92 car.; descripción corta (31 pal.); 4 imágenes sin alt; sin tipo de producto
Some By Mi Real Glutathione Brightening Care Mask 20g – Mascarilla Facial Iluminadora Con Glutatión,SOMEBYME,some-by-mi-real-glutathione-brightening-care-mask,https://www.skinko.com.ar/products/some-by-mi-real-glutathione-brightening-care-mask,95,no,31,4,4,,107,5,sin meta description; title SEO 95 car.; descripción corta (31 pal.); 4 imágenes sin alt; sin tipo de producto
Some By Mi Real Cica Calming Care Mask 20g – Mascarilla Facial Calmante Con Centella Asiática,SOMEBYME,some-by-mi-real-cica-calming-care-mask,https://www.skinko.com.ar/products/some-by-mi-real-cica-calming-care-mask,89,no,29,3,3,,87,5,sin meta description; title SEO 89 car.; descripción corta (29 pal.); 3 imágenes sin alt; sin tipo de producto
Some By Mi Real Teatree Calming Care Mask 20g – Mascarilla Facial Calmante Con Árbol De Té,SOMEBYME,some-by-mi-real-teatree-calming-care-mask,https://www.skinko.com.ar/products/some-by-mi-real-teatree-calming-care-mask,86,no,35,3,3,,119,5,sin meta description; title SEO 86 car.; descripción corta (35 pal.); 3 imágenes sin alt; sin tipo de producto
Some By Mi Real Super Matcha Pore Care Mask 20g – Mascarilla Facial Para Poros Con Extracto De Matcha,SOMEBYME,some-by-mi-real-super-matcha-pore-care-mask,https://www.skinko.com.ar/products/some-by-mi-real-super-matcha-pore-care-mask,97,no,32,3,3,,115,5,sin meta description; title SEO 97 car.; descripción corta (32 pal.); 3 imágenes sin alt; sin tipo de producto
Some By Mi Real Aha-Bha-Pha Calming Care Mask 20g – Mascarilla Facial Exfoliante Con Complejo De Ácidos,SOMEBYME,some-by-mi-real-aha-bha-pha-calming-care-mask,https://www.skinko.com.ar/products/some-by-mi-real-aha-bha-pha-calming-care-mask,99,no,33,4,4,,137,5,sin meta description; title SEO 99 car.; descripción corta (33 pal.); 4 imágenes sin alt; sin tipo de producto
"MOEV Annurcatin Shampoo 300ml – Champú Fortalecedor Anticaída con Extracto de Manzana Annurca, Cafeína y Biotina",MOEV,moev-annurcatin-shampoo,https://www.skinko.com.ar/products/moev-annurcatin-shampoo,87,no,22,4,4,,72,5,sin meta description; title SEO 87 car.; descripción corta (22 pal.); 4 imágenes sin alt; sin tipo de producto
MOEV Annurcatin Treatment 200ml – Mascarilla Capilar Reparadora y Fortalecedora con Proteínas y Aminoácidos,MOEV,moev-annurcatin-treatment,https://www.skinko.com.ar/products/moev-annurcatin-treatment,101,no,21,4,4,,61,5,sin meta description; title SEO 101 car.; descripción corta (21 pal.); 4 imágenes sin alt; sin tipo de producto
MOEV Annurcatin Hair Oil Essence 80ml – Aceite Capilar Nutritivo y Protector con Extracto de Manzana y Biotina,MOEV,moev-annurcatin-hair-oil-essence,https://www.skinko.com.ar/products/moev-annurcatin-hair-oil-essence,105,no,24,4,4,,80,5,sin meta description; title SEO 105 car.; descripción corta (24 pal.); 4 imágenes sin alt; sin tipo de producto
MOEV Annurcatin Hair Tonic 150ml – Tónico Capilar Anticaída y Fortalecedor con Cafeína y Extracto de Manzana,MOEV,moev-annurcatin-hair-tonic,https://www.skinko.com.ar/products/moev-annurcatin-hair-tonic,102,no,23,4,4,,80,5,sin meta description; title SEO 102 car.; descripción corta (23 pal.); 4 imágenes sin alt; sin tipo de producto
MOEV Annurcatin Hair Steamer Pro – Dispositivo de Vapor Capilar y Masaje con Cafeína y Aceite de Argán,MOEV,moev-annurcatin-hair-steamer-pro,https://www.skinko.com.ar/products/moev-annurcatin-hair-steamer-pro,91,no,21,4,4,,78,5,sin meta description; title SEO 91 car.; descripción corta (21 pal.); 4 imágenes sin alt; sin tipo de producto
MOEV Annurcatin Hair Steamer Pro Oil Cartridge – Cartuchos de Repuesto para Vaporizador Capilar con Aceite de Argán y Biotina,MOEV,moev-annurcatin-hair-steamer-pro-oil-cartridge,https://www.skinko.com.ar/products/moev-annurcatin-hair-steamer-pro-oil-cartridge,125,no,22,3,3,,39,5,sin meta description; title SEO 125 car.; descripción corta (22 pal.); 3 imágenes sin alt; sin tipo de producto
HEVEBLUE Salmon Caring Centella Toner 200ml – Tónico Facial Hidratante Calmante con PDRN de Salmón y Centella,HEVEBLUE,heveblue-salmon-caring-centella-toner,https://www.skinko.com.ar/products/heveblue-salmon-caring-centella-toner,113,no,39,4,4,,87,5,sin meta description; title SEO 113 car.; descripción corta (39 pal.); 4 imágenes sin alt; sin tipo de producto
"HEVEBLUE Salmon Caring Centella Ampoule 30ml – Ampolla Facial Hidratante Calmante con PDRN, Centella y Ácido Hialurónico",HEVEBLUE,heveblue-salmon-caring-centella-ampoule,https://www.skinko.com.ar/products/heveblue-salmon-caring-centella-ampoule,99,no,40,3,3,,74,5,sin meta description; title SEO 99 car.; descripción corta (40 pal.); 3 imágenes sin alt; sin tipo de producto
HEVEBLUE Salmon Caring Centella Cream 100ml – Crema Calmante Reparadora con PDRN y Centella,HEVEBLUE,heveblue-salmon-caring-centella-cream,https://www.skinko.com.ar/products/heveblue-salmon-caring-centella-cream,97,no,35,3,3,,45,5,sin meta description; title SEO 97 car.; descripción corta (35 pal.); 3 imágenes sin alt; sin tipo de producto
HEVEBLUE Salmon Caring Centella Bubble Cleanser 200ml – Limpiador Espuma Calmante con PDRN y Centella,HEVEBLUE,heveblue-salmon-caring-centella-bubble-cleanser,https://www.skinko.com.ar/products/heveblue-salmon-caring-centella-bubble-cleanser,95,no,37,3,3,,90,5,sin meta description; title SEO 95 car.; descripción corta (37 pal.); 3 imágenes sin alt; sin tipo de producto
HEVEBLUE Black Yuja Bean Lifting Auto Eye Cream 15ml – Contorno de Ojos Lifting Iluminador con Colágeno y Péptidos,HEVEBLUE,heveblue-black-yuja-bean-lifting-auto-eye-cream,https://www.skinko.com.ar/products/heveblue-black-yuja-bean-lifting-auto-eye-cream,134,no,37,3,3,,45,5,sin meta description; title SEO 134 car.; descripción corta (37 pal.); 3 imágenes sin alt; sin tipo de producto
HEIMISH Matcha Biome Oil FREE Calming Gel Moisturizer 100ml – Crema Gel Hidratante Calmante con Matcha (Té Verde),HEIMISH,heimish-matcha-biome-oil-free-calming-gel-moisturizer,https://www.skinko.com.ar/products/heimish-matcha-biome-oil-free-calming-gel-moisturizer,118,no,24,3,3,,65,5,sin meta description; title SEO 118 car.; descripción corta (24 pal.); 3 imágenes sin alt; sin tipo de producto
HEIMISH All Clean Green Foam 150ml – Limpiador Facial Equilibrante y Calmante con Centella Asiática,HEIMISH,heimish-all-clean-green-foam,https://www.skinko.com.ar/products/heimish-all-clean-green-foam,93,no,23,3,3,,240,5,sin meta description; title SEO 93 car.; descripción corta (23 pal.); 3 imágenes sin alt; sin tipo de producto
HEIMISH All Clean Balm 120ml – Bálsamo Limpiador y Desmaquillante con Manteca de Karité,HEIMISH,heimish-all-clean-balm,https://www.skinko.com.ar/products/heimish-all-clean-balm,81,no,23,4,4,,185,5,sin meta description; title SEO 81 car.; descripción corta (23 pal.); 4 imágenes sin alt; sin tipo de producto
HEIMISH Bulgarian Rose Hydrogel Eye Patch 60 Parches – Parches Hidratantes e Iluminadores con Agua de Rosa Damascena,HEIMISH,heimish-bulgarian-rose-hydrogel-eye-patch,https://www.skinko.com.ar/products/heimish-bulgarian-rose-hydrogel-eye-patch,111,no,23,4,4,,50,5,sin meta description; title SEO 111 car.; descripción corta (23 pal.); 4 imágenes sin alt; sin tipo de producto
HEIMISH Dailism Smudge Stop Mascara Curling 9g – Máscara de Pestañas Efecto Curvatura con Manteca de Karité,HEIMISH,heimish-dailism-smudge-stop-mascara-curling,https://www.skinko.com.ar/products/heimish-dailism-smudge-stop-mascara-curling,96,no,23,4,4,,122,5,sin meta description; title SEO 96 car.; descripción corta (23 pal.); 4 imágenes sin alt; sin tipo de producto
HEIMISH Dailism Smudge Stop Mascara Volume 9g – Máscara de Pestañas Rizadora y Alargadora con Cera de Abejas,HEIMISH,heimish-dailism-smudge-stop-mascara-volume,https://www.skinko.com.ar/products/heimish-dailism-smudge-stop-mascara-volume,98,no,23,3,3,,125,5,sin meta description; title SEO 98 car.; descripción corta (23 pal.); 3 imágenes sin alt; sin tipo de producto
HEIMISH Artless Glow Base 40ml – Primer Iluminador y Protector Solar con Escaramujo,HEIMISH,heimish-artless-glow-base,https://www.skinko.com.ar/products/heimish-artless-glow-base,78,no,22,4,4,,136,5,sin meta description; title SEO 78 car.; descripción corta (22 pal.); 4 imágenes sin alt; sin tipo de producto
IUNIK Beta Glucan Power Moisture Serum 50ml – Serum Facial Hidratante Intensivo y Reparador con Beta-Glucano,IUNIK,iunik-beta-glucan-power-moisture-serum,https://www.skinko.com.ar/products/iunik-beta-glucan-power-moisture-serum,96,no,27,4,4,,78,5,sin meta description; title SEO 96 car.; descripción corta (27 pal.); 4 imágenes sin alt; sin tipo de producto
IUNIK Tea Tree Relief Serum 50ml – Sérum Facial Calmante y Antimanchas con Árbol de Té y Centella,IUNIK,iunik-tea-tree-relief-serum,https://www.skinko.com.ar/products/iunik-tea-tree-relief-serum,81,no,25,4,4,,352,5,sin meta description; title SEO 81 car.; descripción corta (25 pal.); 4 imágenes sin alt; sin tipo de producto
IUNIK Beta Glucan Daily Moisture Cream 60ml – Crema Facial Hidratante Diaria y Reparadora con Beta-Glucano,IUNIK,iunik-beta-glucan-daily-moisture-cream,https://www.skinko.com.ar/products/iunik-beta-glucan-daily-moisture-cream,94,no,24,4,4,,233,5,sin meta description; title SEO 94 car.; descripción corta (24 pal.); 4 imágenes sin alt; sin tipo de producto
IUNIK Centella Calming Gel Cream 60ml – Crema Hidratante Calmante y Refrescante con Centella Asiática,IUNIK,iunik-centella-calming-gel-cream,https://www.skinko.com.ar/products/iunik-centella-calming-gel-cream,96,no,30,3,3,,234,5,sin meta description; title SEO 96 car.; descripción corta (30 pal.); 3 imágenes sin alt; sin tipo de producto
IUNIK Beta Glucan Barrier Sunscreen 60ml – Protector Solar Reafirmante y Reparador con Beta-Glucano,IUNIK,iunik-beta-glucan-barrier-sunscreen,https://www.skinko.com.ar/products/iunik-beta-glucan-barrier-sunscreen,94,no,25,4,4,,209,5,sin meta description; title SEO 94 car.; descripción corta (25 pal.); 4 imágenes sin alt; sin tipo de producto
KUNDAL Caffeine Shampoo 500ml (Cherry Blossom) – Champú Anticaída y Estimulante con Cafeína Natural,KUNDAL,kundal-caffeine-shampoo-cherry-blossom,https://www.skinko.com.ar/products/kundal-caffeine-shampoo-cherry-blossom,121,no,27,3,3,,96,5,sin meta description; title SEO 121 car.; descripción corta (27 pal.); 3 imágenes sin alt; sin tipo de producto
KUNDAL 10X Caffeine Strengthening Treatment 200ml – Tratamiento Capilar Anticaída y Fortalecedor con Cafeína,KUNDAL,kundal-10x-caffeine-strengthening-treatment,https://www.skinko.com.ar/products/kundal-10x-caffeine-strengthening-treatment,115,no,25,3,3,,118,5,sin meta description; title SEO 115 car.; descripción corta (25 pal.); 3 imágenes sin alt; sin tipo de producto
KUNDAL Head Spa & Scalp Scaling Caffeine Water Treatment 300ml – Tratamiento Capilar Anticaída y Calmante con Cafeína,KUNDAL,kundal-head-spa-scalp-scaling-caffeine-water-treatment,https://www.skinko.com.ar/products/kundal-head-spa-scalp-scaling-caffeine-water-treatment,95,no,23,3,3,,102,5,sin meta description; title SEO 95 car.; descripción corta (23 pal.); 3 imágenes sin alt; sin tipo de producto
KUNDAL Scalp Tonic 100ml – Tónico Capilar Anticaída y Calmante con Cafeína Vegetal,KUNDAL,kundal-scalp-tonic,https://www.skinko.com.ar/products/kundal-scalp-tonic,95,no,26,3,3,,131,5,sin meta description; title SEO 95 car.; descripción corta (26 pal.); 3 imágenes sin alt; sin tipo de producto
KUNDAL 10X Caffeine Strengthening Scalp Serum 10ml – Sérum Capilar Anticaída y Fortalecedor con Cafeína,KUNDAL,kundal-10x-caffeine-strengthening-scalp-serum,https://www.skinko.com.ar/products/kundal-10x-caffeine-strengthening-scalp-serum,111,no,26,3,3,,170,5,sin meta description; title SEO 111 car.; descripción corta (26 pal.); 3 imágenes sin alt; sin tipo de producto
KUNDAL Airy Volume Hyaluron Serum 50ml – Sérum Capilar Hidratante y Revitalizante con Ácido Hialurónico,KUNDAL,kundal-airy-volume-hyaluron-serum,https://www.skinko.com.ar/products/kundal-airy-volume-hyaluron-serum,98,no,23,3,3,,123,5,sin meta description; title SEO 98 car.; descripción corta (23 pal.); 3 imágenes sin alt; sin tipo de producto
Sungboon Editor Deep Collagen Power Boosting Mask  – Mascarilla Facial Reafirmante Con Colágeno 500 Da,SUNGBOON EDITOR,sungboon-editor-deep-collagen-power-boosting-mask,https://www.skinko.com.ar/products/sungboon-editor-deep-collagen-power-boosting-mask,101,no,32,3,3,,38,5,sin meta description; title SEO 101 car.; descripción corta (32 pal.); 3 imágenes sin alt; sin tipo de producto
Sungboon Editor Deep Collagen Power Boosting Cream In Serum 30ml – Serum Reafirmante Antiedad Con Colágeno Profundo,SUNGBOON EDITOR,sungboon-editor-deep-collagen-power-boosting-cream-in-serum,https://www.skinko.com.ar/products/sungboon-editor-deep-collagen-power-boosting-cream-in-serum,110,no,31,3,3,,200,5,sin meta description; title SEO 110 car.; descripción corta (31 pal.); 3 imágenes sin alt; sin tipo de producto
Sungboon Editor Deep Collagen Retinol Power Boosting Capsule Cream 50ml – Crema Reafirmante Antiarrugas Con Retinal,SUNGBOON EDITOR,sungboon-editor-deep-collagen-retinol-power-boosting-capsule-cream,https://www.skinko.com.ar/products/sungboon-editor-deep-collagen-retinol-power-boosting-capsule-cream,110,no,32,3,3,,187,5,sin meta description; title SEO 110 car.; descripción corta (32 pal.); 3 imágenes sin alt; sin tipo de producto
BRING GREEN | Tea Tree Cica Fresh Mask 1u – Mascarilla Facial Calmante con Árbol de Té de Jeju y Cica.,BRINGGREEN,bring-green-tea-tree-cica-fresh-mask,https://www.skinko.com.ar/products/bring-green-tea-tree-cica-fresh-mask,89,no,34,3,3,,68,5,sin meta description; title SEO 89 car.; descripción corta (34 pal.); 3 imágenes sin alt; sin tipo de producto
BRING GREEN | Super Lemon Glutathione Fresh Mask 1u – Mascarilla Facial Iluminadora con Limón y Glutatión.,BRINGGREEN,bring-green-super-lemon-glutathione-fresh-mask,https://www.skinko.com.ar/products/bring-green-super-lemon-glutathione-fresh-mask,100,no,39,3,3,,84,5,sin meta description; title SEO 100 car.; descripción corta (39 pal.); 3 imágenes sin alt; sin tipo de producto
BRING GREEN | Bamboo Charcoal 90% Fresh Mask 1u – Mascarilla Purificante e Hidratante con Carbón de Bambú.,BRINGGREEN,bring-green-bamboo-charcoal-90-fresh-mask,https://www.skinko.com.ar/products/bring-green-bamboo-charcoal-90-fresh-mask,100,no,38,3,3,,177,5,sin meta description; title SEO 100 car.; descripción corta (38 pal.); 3 imágenes sin alt; sin tipo de producto
BRING GREEN | Tea Tree Cica SOS Spot Patch 75+25P – Parches Hidrocoloides para Imperfecciones con Árbol de Té y Ácido Salicílico.,BRINGGREEN,bring-green-tea-tree-cica-sos-spot-patch,https://www.skinko.com.ar/products/bring-green-tea-tree-cica-sos-spot-patch,119,sí,35,3,3,,0,5,title SEO 119 car.; descripción corta (35 pal.); 3 imágenes sin alt; sin tipo de producto; sin stock
OBGE Cloud Deep Cleansing Foam 150ml – Espuma Limpiadora Profunda con Ácido Salicílico,OBGE,obge-cloud-deep-cleansing-foam,https://www.skinko.com.ar/products/obge-cloud-deep-cleansing-foam,80,no,35,4,4,,65,5,sin meta description; title SEO 80 car.; descripción corta (35 pal.); 4 imágenes sin alt; sin tipo de producto
OBGE Blackhead Scrub Balm 20g – Bálsamo Exfoliante de Puntos Negros con Árbol de Té,OBGE,obge-blackhead-scrub-balm,https://www.skinko.com.ar/products/obge-blackhead-scrub-balm,79,no,36,4,4,,77,5,sin meta description; title SEO 79 car.; descripción corta (36 pal.); 4 imágenes sin alt; sin tipo de producto
OBGE Style Setting Fixer 150ml – Spray Fijador y Voluminizador con Partículas de Micro-fijación,OBGE,obge-style-setting-fixer,https://www.skinko.com.ar/products/obge-style-setting-fixer,89,no,33,3,3,,85,5,sin meta description; title SEO 89 car.; descripción corta (33 pal.); 3 imágenes sin alt; sin tipo de producto
OBGE Matt Hard Wax 120g – Cera para Peinar de Alta Fijación con Biotina,OBGE,obge-matt-hard-wax,https://www.skinko.com.ar/products/obge-matt-hard-wax,66,no,31,4,4,,94,5,sin meta description; title SEO 66 car.; descripción corta (31 pal.); 4 imágenes sin alt; sin tipo de producto
OBGE Mellow Clay Pomade 100g – Pomada Capilar de Fijación Flexible con Arcilla de Caolín,OBGE,obge-mellow-clay-pomade,https://www.skinko.com.ar/products/obge-mellow-clay-pomade,83,no,33,4,4,,97,5,sin meta description; title SEO 83 car.; descripción corta (33 pal.); 4 imágenes sin alt; sin tipo de producto
OBGE Pore Zero Oil Control Lotion 70ml – Loción Matificante y Refinadora de Poros con Evermat,OBGE,obge-pore-zero-oil-control-lotion,https://www.skinko.com.ar/products/obge-pore-zero-oil-control-lotion,88,no,35,4,4,,52,5,sin meta description; title SEO 88 car.; descripción corta (35 pal.); 4 imágenes sin alt; sin tipo de producto
OBGE Oil Control Sun Stick 18g – Protector Solar Mate y Control de Sebo con Polvos Absorbentes,OBGE,obge-oil-control-sun-stick,https://www.skinko.com.ar/products/obge-oil-control-sun-stick,90,no,34,4,4,,76,5,sin meta description; title SEO 90 car.; descripción corta (34 pal.); 4 imágenes sin alt; sin tipo de producto
FULLY Green Tomato Serum 30ml – Serum Minimizador de Poros y Reafirmante con Tomate Verde,FULLY,fully-green-tomato-serum,https://www.skinko.com.ar/products/fully-green-tomato-serum,84,no,20,3,3,,62,5,sin meta description; title SEO 84 car.; descripción corta (20 pal.); 3 imágenes sin alt; sin tipo de producto
FULLY Green Tomato Cream 90ml – Crema Hidratante y Perfeccionadora de Poros con Tomate Verde,FULLY,fully-green-tomato-cream,https://www.skinko.com.ar/products/fully-green-tomato-cream,87,no,20,3,3,,62,5,sin meta description; title SEO 87 car.; descripción corta (20 pal.); 3 imágenes sin alt; sin tipo de producto
FULLY Green Tomato Clay Mask Cleanser 120ml – Limpiador y Mascarilla de Arcilla Purificante con Tomate Verde,FULLY,fully-green-tomato-clay-mask-cleanser,https://www.skinko.com.ar/products/fully-green-tomato-clay-mask-cleanser,102,no,21,3,3,,100,5,sin meta description; title SEO 102 car.; descripción corta (21 pal.); 3 imágenes sin alt; sin tipo de producto
FULLY Green Tomato Cleansing Oil 250ml – Aceite Limpiador Purificante y Desmaquillante con Tomate Verde,FULLY,fully-green-tomato-cleansing-oil,https://www.skinko.com.ar/products/fully-green-tomato-cleansing-oil,97,no,23,3,3,,82,5,sin meta description; title SEO 97 car.; descripción corta (23 pal.); 3 imágenes sin alt; sin tipo de producto
FULLY Rice-Dough Modeling Mask  – Mascarilla Modeladora Hidratante y Calmante con Agua de Salvado de Arroz,FULLY,fully-rice-dough-modeling-mask,https://www.skinko.com.ar/products/fully-rice-dough-modeling-mask,105,no,18,3,3,,162,5,sin meta description; title SEO 105 car.; descripción corta (18 pal.); 3 imágenes sin alt; sin tipo de producto
FULLY Rice-Dough Mask Cleanser 130ml – Limpiador y Mascarilla Purificante con Agua de Salvado de Arroz,FULLY,fully-rice-dough-mask-cleanser,https://www.skinko.com.ar/products/fully-rice-dough-mask-cleanser,96,no,20,3,3,,71,5,sin meta description; title SEO 96 car.; descripción corta (20 pal.); 3 imágenes sin alt; sin tipo de producto
MENOKIN 30 Seconds Quick Bubble Mask Lift 95ml – Mascarilla Facial Reafirmante con Colágeno Vegano de Hibisco,MENOKIN,menokin-30-seconds-quick-bubble-mask-lift,https://www.skinko.com.ar/products/menokin-30-seconds-quick-bubble-mask-lift,99,no,22,3,3,,100,5,sin meta description; title SEO 99 car.; descripción corta (22 pal.); 3 imágenes sin alt; sin tipo de producto
MENOKIN 30 Seconds Quick Bubble Mask Moist 95ml – Mascarilla Facial Hidratante con 8 tipos de Ácido Hialurónico,MENOKIN,menokin-30-seconds-quick-bubble-mask-moist,https://www.skinko.com.ar/products/menokin-30-seconds-quick-bubble-mask-moist,100,no,25,3,3,,100,5,sin meta description; title SEO 100 car.; descripción corta (25 pal.); 3 imágenes sin alt; sin tipo de producto
MENOKIN 30 Seconds Quick Bubble Mask Repair 95ml – Mascarilla Facial Reparadora con Liposomas de EGF,MENOKIN,menokin-30-seconds-quick-bubble-mask-repair,https://www.skinko.com.ar/products/menokin-30-seconds-quick-bubble-mask-repair,88,no,25,3,3,,99,5,sin meta description; title SEO 88 car.; descripción corta (25 pal.); 3 imágenes sin alt; sin tipo de producto
MENOKIN 30 Seconds Quick Bubble Mask Clear 95ml – Mascarilla Facial Calmante con Cica-Exosomas,MENOKIN,menokin-30-seconds-quick-bubble-mask-clear,https://www.skinko.com.ar/products/menokin-30-seconds-quick-bubble-mask-clear,83,no,23,3,3,,99,5,sin meta description; title SEO 83 car.; descripción corta (23 pal.); 3 imágenes sin alt; sin tipo de producto
MENOKIN 30 Seconds Bubble Cleanser Pore Clear 150ml – Limpiador Facial Purificante con Arcilla Verde,MENOKIN,menokin-30-seconds-bubble-cleanser-pore-clear,https://www.skinko.com.ar/products/menokin-30-seconds-bubble-cleanser-pore-clear,94,no,24,3,3,,99,5,sin meta description; title SEO 94 car.; descripción corta (24 pal.); 3 imágenes sin alt; sin tipo de producto
MENOKIN 30 Seconds Bubble Cleanser Perfect 150ml – Limpiador Facial en Espuma con Extracto de Fruto de Algodón,MENOKIN,menokin-30-seconds-bubble-cleanser-perfect,https://www.skinko.com.ar/products/menokin-30-seconds-bubble-cleanser-perfect,96,no,26,3,3,,97,5,sin meta description; title SEO 96 car.; descripción corta (26 pal.); 3 imágenes sin alt; sin tipo de producto
MANYO Bifida Biome Complex Ampoule 50ml – Ampolla Regeneradora y Reafirmante con Bifida Ferment Lysate,MANYO,manyo-bifida-biome-complex-ampoule,https://www.skinko.com.ar/products/manyo-bifida-biome-complex-ampoule,97,no,24,3,3,,80,5,sin meta description; title SEO 97 car.; descripción corta (24 pal.); 3 imágenes sin alt; sin tipo de producto
MANYO Pure & Deep Cleansing Foam 100ml – Limpiador Facial de Poros Profundo con Extracto de Rosa,MANYO,manyo-pure-deep-cleansing-foam,https://www.skinko.com.ar/products/manyo-pure-deep-cleansing-foam,90,no,79,3,3,,100,5,sin meta description; title SEO 90 car.; descripción corta (79 pal.); 3 imágenes sin alt; sin tipo de producto
MANYO Pure Cleansing Water Sensitive 500ml – Agua Micelar Limpiadora y Calmante con Método Triple+ Micellar,MANYO,manyo-pure-cleansing-water-sensitive,https://www.skinko.com.ar/products/manyo-pure-cleansing-water-sensitive,101,no,60,3,3,,98,5,sin meta description; title SEO 101 car.; descripción corta (60 pal.); 3 imágenes sin alt; sin tipo de producto
ABIB Glow Collagen Mask Glutathione Film 1u – Mascarilla Iluminadora y Antiedad con Glutatión y Colágeno,ABIB,abib-glow-collagen-mask-glutathione-film,https://www.skinko.com.ar/products/abib-glow-collagen-mask-glutathione-film,101,sí,20,3,3,,163,5,title SEO 101 car.; descripción corta (20 pal.); 3 imágenes sin alt; sin tipo de producto; marca inconsistente (ABIB)
ABIB Collagen Gel Mask Jericho Rose Jelly x1u– Mascarilla Facial de Hidrogel con Colágeno Vegano y Rosa de Jericó,ABIB,abib-collagen-gel-mask-jericho-rose-jelly,https://www.skinko.com.ar/products/abib-collagen-gel-mask-jericho-rose-jelly,93,sí,19,3,3,,169,5,title SEO 93 car.; descripción corta (19 pal.); 3 imágenes sin alt; sin tipo de producto; marca inconsistente (ABIB)
PERIPERA Double Longwear Cover Concealer 5.5g – Corrector de Alta Cobertura con Aqua Fitting System,PERIPERA,peripera-double-longwear-cover-concealer,https://www.skinko.com.ar/products/peripera-double-longwear-cover-concealer,94,no,20,3,3,,97,5,sin meta description; title SEO 94 car.; descripción corta (20 pal.); 3 imágenes sin alt; sin tipo de producto
PERIPERA Speedy Skinny Brow Mascara 3g – Máscara de Cejas con Color y Polvo Fino Difuminador,PERIPERA,peripera-speedy-skinny-brow-mascara,https://www.skinko.com.ar/products/peripera-speedy-skinny-brow-mascara,91,no,27,6,6,,269,5,sin meta description; title SEO 91 car.; descripción corta (27 pal.); 6 imágenes sin alt; sin tipo de producto
PERIPERA Ink Velvet Lip Tint 4g – Tinta de Labios Efecto Terciopelo con Ácido Hialurónico,PERIPERA,peripera-ink-velvet-lip-tint,https://www.skinko.com.ar/products/peripera-ink-velvet-lip-tint,86,no,23,11,11,,448,5,sin meta description; title SEO 86 car.; descripción corta (23 pal.); 11 imágenes sin alt; sin tipo de producto
PERIPERA Speedy Skinny Brow – Lápiz de Cejas Ultrafino de Alta Precisión y Larga Duración,PERIPERA,peripera-speedy-skinny-brow,https://www.skinko.com.ar/products/peripera-speedy-skinny-brow,87,no,37,3,3,,170,5,sin meta description; title SEO 87 car.; descripción corta (37 pal.); 3 imágenes sin alt; sin tipo de producto
PERIPERA Pure Blushed Sunshine Cheek – Rubor en Polvo Efecto Soft Focus y Acabado Natural Sedoso,PERIPERA,peripera-pure-blushed-sunshine-cheek,https://www.skinko.com.ar/products/peripera-pure-blushed-sunshine-cheek,88,no,39,3,3,,157,5,sin meta description; title SEO 88 car.; descripción corta (39 pal.); 3 imágenes sin alt; sin tipo de producto
FILLIMILLI Dual Heated Eyelash Curler USB Type 1 pza – Rizador Térmico Doble de Pestañas con Silicona de Transmisión Térmica,FILLIMILLI,fillimilli-dual-heated-eyelash-curler-usb-type,https://www.skinko.com.ar/products/fillimilli-dual-heated-eyelash-curler-usb-type,118,no,36,3,3,,96,5,sin meta description; title SEO 118 car.; descripción corta (36 pal.); 3 imágenes sin alt; sin tipo de producto
FILLIMILLI Heating Curler Charging Type (Wide Fit) 1 pza – Rizador Térmico Gran Apertura con Batería Recargable,FILLIMILLI,fillimilli-heating-curler-charging-type-wide-fit,https://www.skinko.com.ar/products/fillimilli-heating-curler-charging-type-wide-fit,105,no,38,3,3,,92,5,sin meta description; title SEO 105 car.; descripción corta (38 pal.); 3 imágenes sin alt; sin tipo de producto
FILLIMILLI Easy Curling Heating Eyelash Curler USB Type 1 pza – Rizador Térmico Compacto con Batería Recargable,FILLIMILLI,fillimilli-easy-curling-heating-eyelash-curler-usb-type,https://www.skinko.com.ar/products/fillimilli-easy-curling-heating-eyelash-curler-usb-type,105,no,36,3,3,,88,5,sin meta description; title SEO 105 car.; descripción corta (36 pal.); 3 imágenes sin alt; sin tipo de producto
KAHI Seoul Wrinkle Bounce Multi Balm 9g – Bálsamo Hidratante y Antiedad en Barra con Aceite de Semilla de Girasol,KAHI,kahi-seoul-wrinkle-bounce-multi-balm-renewal-version,https://www.skinko.com.ar/products/kahi-seoul-wrinkle-bounce-multi-balm-renewal-version,110,no,40,4,4,,171,5,sin meta description; title SEO 110 car.; descripción corta (40 pal.); 4 imágenes sin alt; sin tipo de producto
Wakemake Soft Blurring Balm Stick 3.5g – Labial En Barra Efecto Difuminado Con Polvo De Seda Y Aceite De Camelia,WAKEMAKE,wakemake-soft-blurring-balm-stick,https://www.skinko.com.ar/products/wakemake-soft-blurring-balm-stick,107,no,37,18,18,,224,5,sin meta description; title SEO 107 car.; descripción corta (37 pal.); 18 imágenes sin alt; sin tipo de producto
Wakemake Soft Blurring Eye Palette 14g – Paleta De Sombras Efecto Difuminado Con Aceite De Macadamia,WAKEMAKE,wakemake-soft-blurring-eye-palette,https://www.skinko.com.ar/products/wakemake-soft-blurring-eye-palette,96,no,33,10,10,,64,5,sin meta description; title SEO 96 car.; descripción corta (33 pal.); 10 imágenes sin alt; sin tipo de producto
Wakemake Real Defining Brush Liner 0.5g – Delineador De Ojos Tipo Pincel Con Copolímeros De Acrilato,WAKEMAKE,wakemake-real-defining-brush-liner,https://www.skinko.com.ar/products/wakemake-real-defining-brush-liner,95,no,37,6,6,,102,5,sin meta description; title SEO 95 car.; descripción corta (37 pal.); 6 imágenes sin alt; sin tipo de producto
Wakemake Real Defining Pencil Liner 0.1g – Delineador De Ojos De Larga Duración Con Cera De Carnauba,WAKEMAKE,wakemake-real-defining-pencil-liner,https://www.skinko.com.ar/products/wakemake-real-defining-pencil-liner,95,no,35,6,6,,26,5,sin meta description; title SEO 95 car.; descripción corta (35 pal.); 6 imágenes sin alt; sin tipo de producto
Wakemake Stay Fixer Multi Color Powder 4g – Polvos Sueltos Selladores Y Correctores Con Sílice Y Caolín,WAKEMAKE,wakemake-stay-fixer-multi-color-powder,https://www.skinko.com.ar/products/wakemake-stay-fixer-multi-color-powder,100,no,38,4,4,,64,5,sin meta description; title SEO 100 car.; descripción corta (38 pal.); 4 imágenes sin alt; sin tipo de producto
Wakemake Mix Blurring Volume Shading 9g – Contorno En Polvo De Efecto Difuminado Con Polvo De Sílice Y Mica,WAKEMAKE,wakemake-mix-blurring-volume-shading,https://www.skinko.com.ar/products/wakemake-mix-blurring-volume-shading,104,no,36,4,4,,59,5,sin meta description; title SEO 104 car.; descripción corta (36 pal.); 4 imágenes sin alt; sin tipo de producto
Wakemake Sheer Breeze Blusher 4g – Rubor En Polvo Traslúcido Con Sílice Y Nylon-12,WAKEMAKE,wakemake-sheer-breeze-blusher,https://www.skinko.com.ar/products/wakemake-sheer-breeze-blusher,79,no,38,4,4,,71,5,sin meta description; title SEO 79 car.; descripción corta (38 pal.); 4 imágenes sin alt; sin tipo de producto
Wakemake Shaking Blur Cheek 8ml – Rubor Líquido De Efecto Desenfoque Con Ácido Hialurónico,WAKEMAKE,wakemake-shaking-blur-cheek,https://www.skinko.com.ar/products/wakemake-shaking-blur-cheek,86,no,33,6,6,,77,5,sin meta description; title SEO 86 car.; descripción corta (33 pal.); 6 imágenes sin alt; sin tipo de producto
Wakemake Defining Cover Concealer 6g – Corrector De Alta Cobertura Con Extracto De Árbol De Té,WAKEMAKE,wakemake-defining-cover-concealer,https://www.skinko.com.ar/products/wakemake-defining-cover-concealer,91,no,32,6,6,,68,5,sin meta description; title SEO 91 car.; descripción corta (32 pal.); 6 imágenes sin alt; sin tipo de producto
Wakemake Spatula Conceal BB 20ml – BB Cream De Alta Cobertura Con Espátula Con Hidratación Y Acabado Profesional,WAKEMAKE,wakemake-spatula-conceal-bb,https://www.skinko.com.ar/products/wakemake-spatula-conceal-bb,107,no,34,6,6,,104,5,sin meta description; title SEO 107 car.; descripción corta (34 pal.); 6 imágenes sin alt; sin tipo de producto
Wakemake Real Defining Lash Mascara 8g – Máscara De Pestañas Definidora Con Polímeros De Fijación,WAKEMAKE,wakemake-real-defining-lash-mascara-tension,https://www.skinko.com.ar/products/wakemake-real-defining-lash-mascara-tension,97,no,36,3,3,,21,5,sin meta description; title SEO 97 car.; descripción corta (36 pal.); 3 imágenes sin alt; sin tipo de producto
SKIN1004 Kit Rutina Facial Luminosidad y Tratamiento Centella De Madagascar Edicion LATAM,Skinko,skin1004-kit-rutina-facial-luminosidad-y-tratamiento-centella-de-madagascar-edicion-latam,https://www.skinko.com.ar/products/skin1004-kit-rutina-facial-luminosidad-y-tratamiento-centella-de-madagascar-edicion-latam,89,no,236,3,3,Set,248,5,sin meta description; title SEO 89 car.; 3 imágenes sin alt; H1 duplicado en descripción; URL larga
SKIN1004 Sérum Madagascar Centella Hyalu-Teca Volumen 50 ml Con Acido Hialurónico,Skin1004,skin1004-serum-madagascar-centella-hyalu-teca-volumen-50-ml-con-acido-hialuronico,https://www.skinko.com.ar/products/skin1004-serum-madagascar-centella-hyalu-teca-volumen-50-ml-con-acido-hialuronico,81,no,165,2,2,ampolla,133,5,sin meta description; title SEO 81 car.; 2 imágenes sin alt; solo 2 imágenes; URL larga
SKIN1004 Madagascar Centella Hyalu-Teca Glass Skin Milk Hidratante 210 ml,Skin1004,skin1004-madagascar-centella-hyalu-teca-glass-skin-milk-hidratante-210-ml,https://www.skinko.com.ar/products/skin1004-madagascar-centella-hyalu-teca-glass-skin-milk-hidratante-210-ml,73,no,159,3,3,,128,5,sin meta description; title SEO 73 car.; 3 imágenes sin alt; sin tipo de producto; URL larga
APLB Locion Corporal Con Colageno EGF Peptidos 300ml Hidratante y Reafirmante con Colágeno Hidrolizado,Skinko,aplb-locion-corporal-con-colageno-egf-peptidos-300ml-hidratante-y-reafirmante-con-colageno-hidrolizado,https://www.skinko.com.ar/products/aplb-locion-corporal-con-colageno-egf-peptidos-300ml-hidratante-y-reafirmante-con-colageno-hidrolizado,102,no,199,3,3,,81,5,sin meta description; title SEO 102 car.; 3 imágenes sin alt; sin tipo de producto; URL larga
APLB Mascarilla Facial Collagen Peptide Sheet Mask 25 ml Mascarilla De Tela Coreana con Colágeno Hidrolizado,APLB,aplb-mascarilla-facial-collagen-peptide-sheet-mask-25-ml-mascarilla-de-tela-coreana-con-colageno-hidrolizado,https://www.skinko.com.ar/products/aplb-mascarilla-facial-collagen-peptide-sheet-mask-25-ml-mascarilla-de-tela-coreana-con-colageno-hidrolizado,108,no,191,1,1,Mascarilla,81,5,sin meta description; title SEO 108 car.; 1 imágenes sin alt; solo 1 imágenes; URL larga
APLB Jabon Corporal Glutation Niacinamida 300ml Colágeno Hidrolizado Beta Glucano Escualano y Extractos Botánicos,APLB,aplb-jabon-corporal-glutation-niacinamida-300ml-colageno-hidrolizado-beta-glucano-escualano-y-extractos-botanicos,https://www.skinko.com.ar/products/aplb-jabon-corporal-glutation-niacinamida-300ml-colageno-hidrolizado-beta-glucano-escualano-y-extractos-botanicos,113,no,185,3,3,,97,5,sin meta description; title SEO 113 car.; 3 imágenes sin alt; sin tipo de producto; URL larga
Arencia PDRN Booster Shot Serum Facial Reparador e Iluminador Rosy 30 ml,ARENCIA,arencia-pdrn-booster-shot-serum-serum-facial-reparador-e-iluminador-rosy-pdrn-peptidos-y-acido-hialuronico-piel-radiante-firme-e-hidratada-30-ml,https://www.skinko.com.ar/products/arencia-pdrn-booster-shot-serum-serum-facial-reparador-e-iluminador-rosy-pdrn-peptidos-y-acido-hialuronico-piel-radiante-firme-e-hidratada-30-ml,72,no,72,4,4,serum,39,5,sin meta description; title SEO 72 car.; descripción corta (72 pal.); 4 imágenes sin alt; URL larga
CENTELLIAN 24 360º Shot PDRN Lifting Eye Cream 30 ml | Crema para Contorno de Ojos,CENTELLIAN24,centellian-24-360º-shot-pdrn-crema-para-contorno-de-ojos-pdrn-teca-retinol-y-colageno-reduce-arrugas-ojeras-bolsas-e-hinchazon-reafirma-e-hidrata-30-ml,https://www.skinko.com.ar/products/centellian-24-360%C2%BA-shot-pdrn-crema-para-contorno-de-ojos-pdrn-teca-retinol-y-colageno-reduce-arrugas-ojeras-bolsas-e-hinchazon-reafirma-e-hidrata-30-ml,82,no,158,2,2,contorno de ojos,9,5,sin meta description; title SEO 82 car.; 2 imágenes sin alt; solo 2 imágenes; URL larga
CENTELLIAN24 360º Shot PDRN glowing eye patch Parches de Hidrogel 6 Pares (12 Parches),CENTELLIAN24,centellian-24-360º-shot-pdrn-parches-de-hidrogel-para-contorno-de-ojos-pdrn-teca-retinol-niacinamida-y-glutation-reducen-ojeras-bolsas-e-hinchazon-6-pares-12-parches,https://www.skinko.com.ar/products/centellian-24-360%C2%BA-shot-pdrn-parches-de-hidrogel-para-contorno-de-ojos-pdrn-teca-retinol-niacinamida-y-glutation-reducen-ojeras-bolsas-e-hinchazon-6-pares-12-parches,86,no,90,1,1,contorno de ojos,69,5,sin meta description; title SEO 86 car.; 1 imágenes sin alt; solo 1 imágenes; URL larga
VT COSMETICS Crema Facial Reafirmante con Retinal Péptidos Retinal 50ml,VT Cosmetics,vt-cosmetics-crema-facial-reafirmante-con-retinal-y-peptidos-retinal-vitamina-a-9-peptidos-y-niacinamida-reduce-arrugas-minimiza-poros-e-hidrata-intensamente,https://www.skinko.com.ar/products/vt-cosmetics-crema-facial-reafirmante-con-retinal-y-peptidos-retinal-vitamina-a-9-peptidos-y-niacinamida-reduce-arrugas-minimiza-poros-e-hidrata-intensamente,71,no,168,6,6,crema,27,5,sin meta description; title SEO 71 car.; 6 imágenes sin alt; marca inconsistente (VT Cosmetics); URL larga
VT COSMETICS Parches de Hidrogel Contorno de Ojos PDRN Retinal y Colágeno 60 Parches (30 Pares),VT Cosmetics,vt-cosmetics-pdrn-parches-de-hidrogel-para-contorno-de-ojos-pdrn-vegano-retinal-y-colageno-reducen-ojeras-bolsas-arrugas-e-hinchazon-60-parches-30-pares,https://www.skinko.com.ar/products/vt-cosmetics-pdrn-parches-de-hidrogel-para-contorno-de-ojos-pdrn-vegano-retinal-y-colageno-reducen-ojeras-bolsas-arrugas-e-hinchazon-60-parches-30-pares,95,no,186,5,5,Parche de ojos,78,5,sin meta description; title SEO 95 car.; 5 imágenes sin alt; marca inconsistente (VT Cosmetics); URL larga
"VT COSMETICS Protector Solar SPF50+ PA++++ PHYTO PDRN, Niacinamida 50 ml",VT Cosmetics,vt-cosmetics-pdrn-air-cloud-protector-solar-spf50-pa-phyto-pdrn-niacinamida-y-9-acidos-hialuronicos-hidratacion-y-proteccion-uv-50-ml,https://www.skinko.com.ar/products/vt-cosmetics-pdrn-air-cloud-protector-solar-spf50-pa-phyto-pdrn-niacinamida-y-9-acidos-hialuronicos-hidratacion-y-proteccion-uv-50-ml,72,no,202,5,5,Protector solar,32,5,sin meta description; title SEO 72 car.; 5 imágenes sin alt; marca inconsistente (VT Cosmetics); URL larga
"Mixsoon Hyalraebae Pore Blur Crema Facial Hidratante Difumina Poros, Suaviza la Textura y Prepara la Piel para el Maquillaje 50 ml",MIXSOON,mixsoon-hyalraebae-pore-blur-crema-facial-hidratante-difumina-poros-suaviza-la-textura-y-prepara-la-piel-para-el-maquillaje-50-ml,https://www.skinko.com.ar/products/mixsoon-hyalraebae-pore-blur-crema-facial-hidratante-difumina-poros-suaviza-la-textura-y-prepara-la-piel-para-el-maquillaje-50-ml,130,no,186,4,4,crema,133,5,sin meta description; title SEO 130 car.; 4 imágenes sin alt; marca inconsistente (MIXSOON); URL larga
Mixsoon Bean Sun Serum Protector Solar Facial SPF50+ PA++++ 50 ml,MIXSOON,mixsoon-bean-sun-serum-protector-solar-facial-spf50-pa-serum-con-fermentos-niacinamida-y-acido-hialuronico-hidratacion-y-luminosidad-50-ml,https://www.skinko.com.ar/products/mixsoon-bean-sun-serum-protector-solar-facial-spf50-pa-serum-con-fermentos-niacinamida-y-acido-hialuronico-hidratacion-y-luminosidad-50-ml,65,no,169,3,3,serum,271,5,sin meta description; title SEO 65 car.; 3 imágenes sin alt; marca inconsistente (MIXSOON); URL larga
MEDICUBE AGE-R V Roller Pink Cabezal Roller Facial y Corporal para Mini Booster Pro Plus,Medicube,medicube-age-r-v-roller-pink-cabezal-roller-facial-y-corporal-para-mini-booster-pro-plus-masaje-reafirmante-para-mandibula-cuello-y-rostro,https://www.skinko.com.ar/products/medicube-age-r-v-roller-pink-cabezal-roller-facial-y-corporal-para-mini-booster-pro-plus-masaje-reafirmante-para-mandibula-cuello-y-rostro,88,no,106,4,4,Beauty tech,50,5,sin meta description; title SEO 88 car.; 4 imágenes sin alt; marca inconsistente (Medicube); URL larga
ANUA PDRN Sérum Hidratante y Antiage Hyaluronic Acid Capsule 100 Serum 50ml +GAT KEYRING,Anua,anua-pdrn-gat-serum-50ml-gat-keyring,https://www.skinko.com.ar/products/anua-pdrn-gat-serum-50ml-gat-keyring,88,no,40,5,5,anua,266,5,sin meta description; title SEO 88 car.; descripción corta (40 pal.); 5 imágenes sin alt; marca inconsistente (Anua)
MEDICUBE Sérum Facial Anti-Edad Retinol NMN Boosting Serum – 30ml,Skinko,medicube-serum-facial-anti-edad-retinol-nmn-boosting-serum-30ml,https://www.skinko.com.ar/products/medicube-serum-facial-anti-edad-retinol-nmn-boosting-serum-30ml,65,no,40,3,3,,78,5,sin meta description; title SEO 65 car.; descripción corta (40 pal.); 3 imágenes sin alt; sin tipo de producto
MEDICUBE PDRN Pink Caffeine Collagen Eye Patch - Parches de Hidrogel Para Contorno de Ojos 60 Unidades,MEDICUBE,medicube-pdrn-pink-caffeine-collagen-eye-patch-parches-de-hidrogel-para-contorno-de-ojos-pdrn-cafeina-retinol-y-colageno-reduce-ojeras-bolsas-y-lineas-de-expresion-60-unidades,https://www.skinko.com.ar/products/medicube-pdrn-pink-caffeine-collagen-eye-patch-parches-de-hidrogel-para-contorno-de-ojos-pdrn-cafeina-retinol-y-colageno-reduce-ojeras-bolsas-y-lineas-de-expresion-60-unidades,102,no,144,8,8,Parche de ojos,26,5,sin meta description; title SEO 102 car.; 8 imágenes sin alt; marca inconsistente (MEDICUBE); URL larga
"ANUA Azelaic Acid 10 + Hyaluron Serum 30ml - Sérum Facial con Ácido Azelaico 10% Calmante, Antirojeces e Hidratante",Anua,anua-azelaic-acid-10-hyaluron-serum-30ml-serum-facial-con-acido-azelaico-10-calmante-antirojeces-e-hidratante,https://www.skinko.com.ar/products/anua-azelaic-acid-10-hyaluron-serum-30ml-serum-facial-con-acido-azelaico-10-calmante-antirojeces-e-hidratante,115,no,158,3,3,serum,123,5,sin meta description; title SEO 115 car.; 3 imágenes sin alt; marca inconsistente (Anua); URL larga
BEAUND Lift Head Spa Masajeador Capilar Eléctrico Antiestrés y Estimulador de Cuero Cabelludo,Beaund,beaund-lift-head-spa-masajeador-capilar-electrico-antiestres-y-estimulador-de-cuero-cabelludo-masaje-3d-relajacion-y-cuidado-capilar-dispositivo-k-beauty,https://www.skinko.com.ar/products/beaund-lift-head-spa-masajeador-capilar-electrico-antiestres-y-estimulador-de-cuero-cabelludo-masaje-3d-relajacion-y-cuidado-capilar-dispositivo-k-beauty,93,no,213,2,2,Masajeador Capilar,29,5,sin meta description; title SEO 93 car.; 2 imágenes sin alt; solo 2 imágenes; URL larga
ANUA PDRN Collangen Melting Pacth For Glass Skin - Parches Faciales,Anua,anua-parches-faciales-pdrn-collagen-melting-efecto-glass-skin-4-unidades,https://www.skinko.com.ar/products/anua-parches-faciales-pdrn-collagen-melting-efecto-glass-skin-4-unidades,67,no,100,4,4,parche,203,5,sin meta description; title SEO 67 car.; 4 imágenes sin alt; marca inconsistente (Anua); URL larga
FILLIMILLI Stamp Cheek Sponge - Esponja de Maquillaje,FILLIMILLI,fillimilli-stamp-cheek-sponge-esponja-de-maquillaje,https://www.skinko.com.ar/products/fillimilli-stamp-cheek-sponge-esponja-de-maquillaje,53,no,72,1,1,,102,5,sin meta description; descripción corta (72 pal.); 1 imágenes sin alt; solo 1 imágenes; sin tipo de producto
VT COSMETICS PDRN Reedle Shot Brush Hair Serum 100ml - Serum Capilar,Skinko,vt-cosmetics-pdrn-reedle-shot-brush-hair-serum-100ml-serum-capilar,https://www.skinko.com.ar/products/vt-cosmetics-pdrn-reedle-shot-brush-hair-serum-100ml-serum-capilar,68,no,30,3,3,,88,5,sin meta description; title SEO 68 car.; descripción corta (30 pal.); 3 imágenes sin alt; sin tipo de producto
VT COSMETICS PDRN Barrier Cleanser 200ml - Limpiador Facial,VT Cosmetics,vt-cosmetics-pdrn-barrier-cleanser-200ml-limpiador-facial,https://www.skinko.com.ar/products/vt-cosmetics-pdrn-barrier-cleanser-200ml-limpiador-facial,59,no,51,3,3,,75,5,sin meta description; descripción corta (51 pal.); 3 imágenes sin alt; sin tipo de producto; marca inconsistente (VT Cosmetics)
ABIB Collagen Eye Patch Jerico Rose Jelly 90g,Abib,collagen-eye-patch-jericho-rose-jelly-90g,https://www.skinko.com.ar/products/collagen-eye-patch-jericho-rose-jelly-90g,45,no,41,3,3,parche,505,4,sin meta description; descripción corta (41 pal.); 3 imágenes sin alt; marca inconsistente (Abib)
ABIB Glutathiosome Dark Spot Serum Vita Drop 50ml | Serum Corrector de Manchas,Abib,glutathiosome-dark-spot-serum-vita-drop-50ml,https://www.skinko.com.ar/products/glutathiosome-dark-spot-serum-vita-drop-50ml,78,no,92,3,3,serum,102,4,sin meta description; title SEO 78 car.; 3 imágenes sin alt; marca inconsistente (Abib)
ABIB Airy Sunstick Smoothing Bar 23g | Protector solar semimate en barra,Abib,airy-sunstick-smoothing-bar-23g,https://www.skinko.com.ar/products/airy-sunstick-smoothing-bar-23g,72,no,106,3,3,Protector solar,167,4,sin meta description; title SEO 72 car.; 3 imágenes sin alt; marca inconsistente (Abib)
COSRX MASTER PATCH INTENSIVE 36u | Parche para cubrir y tratar acné intensivamente,COSRX,master-patch-intensive-36-u,https://www.skinko.com.ar/products/master-patch-intensive-36-u,82,no,87,3,3,,954,4,sin meta description; title SEO 82 car.; 3 imágenes sin alt; sin tipo de producto
COSRX Aloe Soothing Sun Cream SPF50+ PA+++ 50ml | Protector solar calmante con Aloe,COSRX,aloe-soothing-sun-cream-spf50-pa-50ml,https://www.skinko.com.ar/products/aloe-soothing-sun-cream-spf50-pa-50ml,83,no,84,3,3,,1042,4,sin meta description; title SEO 83 car.; 3 imágenes sin alt; sin tipo de producto
BEAUTY OF JOSEON | Dynasty Cream 50ml,Beauty of Joseon,dynasty-cream-50ml,https://www.skinko.com.ar/products/dynasty-cream-50ml,37,no,33,3,3,,94,4,sin meta description; descripción corta (33 pal.); 3 imágenes sin alt; sin tipo de producto
BEAUTY OF JOSEON | Revive Serum : Ginseng + Snail Mucin 30ml,Beauty of Joseon,revive-serum-ginseng-snail-mucin-30ml,https://www.skinko.com.ar/products/revive-serum-ginseng-snail-mucin-30ml,60,no,30,4,4,,99,4,sin meta description; descripción corta (30 pal.); 4 imágenes sin alt; sin tipo de producto
BEAUTY OF JOSEON | Glow Deep Serum : Rice + Arbutin 30ml,Beauty of Joseon,glow-deep-serum-rice-arbutin-30ml,https://www.skinko.com.ar/products/glow-deep-serum-rice-arbutin-30ml,56,no,33,4,4,,89,4,sin meta description; descripción corta (33 pal.); 4 imágenes sin alt; sin tipo de producto
BEAUTY OF JOSEON | Green Plum Refreshing Cleanser 100ml,Beauty of Joseon,green-plum-refreshing-cleanser-100ml,https://www.skinko.com.ar/products/green-plum-refreshing-cleanser-100ml,55,no,27,3,3,,127,4,sin meta description; descripción corta (27 pal.); 3 imágenes sin alt; sin tipo de producto
BEAUTY OF JOSEON | Revive Eye Serum : Ginseng + Retinal 30ml,Beauty of Joseon,revive-eye-serum-ginseng-retinal-30ml,https://www.skinko.com.ar/products/revive-eye-serum-ginseng-retinal-30ml,60,no,34,3,3,,288,4,sin meta description; descripción corta (34 pal.); 3 imágenes sin alt; sin tipo de producto
BEAUTY OF JOSEON | Ginseng Cleansing Oil 210ml,Beauty of Joseon,ginseng-cleansing-oil-210ml,https://www.skinko.com.ar/products/ginseng-cleansing-oil-210ml,46,no,30,3,3,,128,4,sin meta description; descripción corta (30 pal.); 3 imágenes sin alt; sin tipo de producto
BEAUTY OF JOSEON | Glow Replenishing Rice Milk 150ml,Beauty of Joseon,glow-replenishing-rice-milk-150ml,https://www.skinko.com.ar/products/glow-replenishing-rice-milk-150ml,52,no,32,3,3,,102,4,sin meta description; descripción corta (32 pal.); 3 imágenes sin alt; sin tipo de producto
BEAUTY OF JOSEON | Ground Rice and Honey Glow Mask 150ml,Beauty of Joseon,ground-rice-and-honey-glow-mask-150ml,https://www.skinko.com.ar/products/ground-rice-and-honey-glow-mask-150ml,56,no,26,3,3,,181,4,sin meta description; descripción corta (26 pal.); 3 imágenes sin alt; sin tipo de producto
Celimax | The Real Noni Energy Ampoule 50ml,Celimax,the-real-noni-energy-ampoule-50ml,https://www.skinko.com.ar/products/the-real-noni-energy-ampoule-50ml,43,no,37,3,3,,36,4,sin meta description; descripción corta (37 pal.); 3 imágenes sin alt; sin tipo de producto
Celimax | The Vita-A Retinal Shot Tightening Booster 15ml,Celimax,the-vita-a-retinal-shot-tightening-booster-15ml,https://www.skinko.com.ar/products/the-vita-a-retinal-shot-tightening-booster-15ml,57,no,116,3,3,,0,4,sin meta description; 3 imágenes sin alt; sin tipo de producto; sin stock
Celimax | Pore+Dark Spot Brightening Serum 30ml,Celimax,pore-dark-spot-brightening-serum-30ml,https://www.skinko.com.ar/products/pore-dark-spot-brightening-serum-30ml,47,no,31,3,3,,30,4,sin meta description; descripción corta (31 pal.); 3 imágenes sin alt; sin tipo de producto
Celimax | Oil Control Light Sunscreen 40ml,Celimax,oil-control-light-sunscreen-50ml,https://www.skinko.com.ar/products/oil-control-light-sunscreen-50ml,42,no,29,3,3,,145,4,sin meta description; descripción corta (29 pal.); 3 imágenes sin alt; sin tipo de producto
Celimax | The Vita-A Retinol Shot Tightening Serum 30ml,Celimax,the-vita-a-retinol-shot-tightening-serum-30ml,https://www.skinko.com.ar/products/the-vita-a-retinol-shot-tightening-serum-30ml,55,no,30,3,3,,101,4,sin meta description; descripción corta (30 pal.); 3 imágenes sin alt; sin tipo de producto
ROUNDLAB | 1025 Dokdo Toner 200ml,Round Lab,1025-dokdo-toner-200ml,https://www.skinko.com.ar/products/1025-dokdo-toner-200ml,33,no,37,3,3,,248,4,sin meta description; descripción corta (37 pal.); 3 imágenes sin alt; sin tipo de producto
ROUNDLAB | 1025 Dokdo Cream 80ml,Round Lab,1025-dokdo-cream-80ml,https://www.skinko.com.ar/products/1025-dokdo-cream-80ml,32,no,35,3,3,,210,4,sin meta description; descripción corta (35 pal.); 3 imágenes sin alt; sin tipo de producto
ROUNDLAB | 1025 Dokdo Cleanser 150ml,Round Lab,1025-dokdo-cleanser-150ml,https://www.skinko.com.ar/products/1025-dokdo-cleanser-150ml,36,no,39,3,3,,5,4,sin meta description; descripción corta (39 pal.); 3 imágenes sin alt; sin tipo de producto
ROUNDLAB | 1025 Dokdo Ampoule 45g,Round Lab,1025-dokdo-ampoule-45g,https://www.skinko.com.ar/products/1025-dokdo-ampoule-45g,33,no,39,3,3,,302,4,sin meta description; descripción corta (39 pal.); 3 imágenes sin alt; sin tipo de producto
Dr. Althea | Pure Grinding Cleansing Balm 50ml,Dr. Althea,pure-grinding-cleansing-balm-50ml,https://www.skinko.com.ar/products/pure-grinding-cleansing-balm-50ml,46,no,68,3,3,,94,4,sin meta description; descripción corta (68 pal.); 3 imágenes sin alt; sin tipo de producto
Dr. Althea | Vitamin C Boosting Serum 30ml,Dr. Althea,vitamin-c-boosting-serum-30ml,https://www.skinko.com.ar/products/vitamin-c-boosting-serum-30ml,42,no,58,3,3,,160,4,sin meta description; descripción corta (58 pal.); 3 imágenes sin alt; sin tipo de producto
TOCOBO | Coconut Clay Cleansing Foam 150ml,Tocobo,coconut-clay-cleansing-foam-150ml,https://www.skinko.com.ar/products/coconut-clay-cleansing-foam-150ml,42,no,198,3,3,,157,4,sin meta description; 3 imágenes sin alt; sin tipo de producto; marca inconsistente (Tocobo)
TIRTIR | Ceramic Milk Ampoule 30ml,TIRTIR,ceramic-milk-ampoule-30ml,https://www.skinko.com.ar/products/ceramic-milk-ampoule-30ml,34,no,60,3,3,,46,4,sin meta description; descripción corta (60 pal.); 3 imágenes sin alt; sin tipo de producto
TIRTIR | Mask Fit Red Cushion Mini 4.5g,TIRTIR,mask-fit-red-cushion-4-5g,https://www.skinko.com.ar/products/mask-fit-red-cushion-4-5g,39,no,262,11,11,,1131,4,sin meta description; 11 imágenes sin alt; sin tipo de producto; H1 duplicado en descripción
TIRTIR | Milk Skin Toner 150ml,TIRTIR,milk-skin-toner-150ml,https://www.skinko.com.ar/products/milk-skin-toner-150ml,30,no,67,3,3,,123,4,sin meta description; descripción corta (67 pal.); 3 imágenes sin alt; sin tipo de producto
TIRTIR | Waterism Lip Plumper 3.3g,TIRTIR,waterism-lip-plumper-3-3g,https://www.skinko.com.ar/products/waterism-lip-plumper-3-3g,34,no,59,3,3,,69,4,sin meta description; descripción corta (59 pal.); 3 imágenes sin alt; sin tipo de producto
TIRTIR | Water Mellow Lip Balm 3.2g,TIRTIR,water-mellow-lip-balm-3-2g,https://www.skinko.com.ar/products/water-mellow-lip-balm-3-2g,35,no,65,3,3,,59,4,sin meta description; descripción corta (65 pal.); 3 imágenes sin alt; sin tipo de producto
KONJAC | Esponja Facial Blanca Universal,Konjac Original,esponja-facial-blanca-universal,https://www.skinko.com.ar/products/esponja-facial-blanca-universal,40,no,66,3,3,,8,4,sin meta description; descripción corta (66 pal.); 3 imágenes sin alt; sin tipo de producto
KONJAC | Esponja Facial Cenizas de bambú,Konjac Original,esponja-facial-cenizas-de-bambu,https://www.skinko.com.ar/products/esponja-facial-cenizas-de-bambu,40,no,73,3,3,,259,4,sin meta description; descripción corta (73 pal.); 3 imágenes sin alt; sin tipo de producto
KONJAC | Esponja Facial Arcilla Roja Francés,Konjac Original,esponja-facial-arcilla-roja-frances,https://www.skinko.com.ar/products/esponja-facial-arcilla-roja-frances,44,no,37,3,3,,199,4,sin meta description; descripción corta (37 pal.); 3 imágenes sin alt; sin tipo de producto
KONJAC | Esponja Facial Arcilla Verde Francés,Konjac Original,esponja-facial-arcilla-verde-frances,https://www.skinko.com.ar/products/esponja-facial-arcilla-verde-frances,45,no,51,3,3,,292,4,sin meta description; descripción corta (51 pal.); 3 imágenes sin alt; sin tipo de producto
KONJAC | Esponja Facial Arcilla Rosa Francés,Konjac Original,esponja-facial-arcilla-rosa-frances,https://www.skinko.com.ar/products/esponja-facial-arcilla-rosa-frances,44,no,72,3,3,,556,4,sin meta description; descripción corta (72 pal.); 3 imágenes sin alt; sin tipo de producto
KONJAC | Esponja Facial Arcilla Amarilla Francés,Konjac Original,esponja-facial-arcilla-amarilla-frances,https://www.skinko.com.ar/products/esponja-facial-arcilla-amarilla-frances,48,no,57,3,3,,607,4,sin meta description; descripción corta (57 pal.); 3 imágenes sin alt; sin tipo de producto
KONJAC | Esponja Facial Arcilla Volcánica de Jejú,Konjac Original,esponja-facial-arcilla-volcanica-de-jeju,https://www.skinko.com.ar/products/esponja-facial-arcilla-volcanica-de-jeju,49,no,57,3,3,,264,4,sin meta description; descripción corta (57 pal.); 3 imágenes sin alt; sin tipo de producto
KONJAC | Esponja Facial Té verde,Konjac Original,esponja-facial-te-verde,https://www.skinko.com.ar/products/esponja-facial-te-verde,32,no,65,3,3,,314,4,sin meta description; descripción corta (65 pal.); 3 imágenes sin alt; sin tipo de producto
KONJAC | Esponja Corporal Cenizas de Bambú,Konjac Original,esponja-corporal-cenizas-de-bambu,https://www.skinko.com.ar/products/esponja-corporal-cenizas-de-bambu,42,no,54,3,3,,3,4,sin meta description; descripción corta (54 pal.); 3 imágenes sin alt; sin tipo de producto
KONJAC | Esponja Corporal Arcilla Roja Francés,Konjac Original,esponja-corporal-arcilla-roja-frances,https://www.skinko.com.ar/products/esponja-corporal-arcilla-roja-frances,46,no,51,3,3,,2,4,sin meta description; descripción corta (51 pal.); 3 imágenes sin alt; sin tipo de producto
KONJAC | Esponja Corporal Blanca,Konjac Original,esponja-corporal-blanca,https://www.skinko.com.ar/products/esponja-corporal-blanca,32,no,40,3,3,,40,4,sin meta description; descripción corta (40 pal.); 3 imágenes sin alt; sin tipo de producto
Anua 3 Ceramide Panthenol Moisture Barrier Cream,Anua,anua-3-ceramide-panthenol-moisture-barrier-cream-100ml,https://www.skinko.com.ar/products/anua-3-ceramide-panthenol-moisture-barrier-cream-100ml,48,no,62,3,3,crema,100,4,sin meta description; descripción corta (62 pal.); 3 imágenes sin alt; marca inconsistente (Anua)
Anua 8 Hyaluronic Acid Hydrating Gentle Foaming Cleanser,Anua,anua-8-hyaluronic-acid-hydrating-gentle-foaming-cleanser-150ml,https://www.skinko.com.ar/products/anua-8-hyaluronic-acid-hydrating-gentle-foaming-cleanser-150ml,56,no,29,3,3,Limpiador,133,4,sin meta description; descripción corta (29 pal.); 3 imágenes sin alt; marca inconsistente (Anua)
Anua Heartleaf Quercetinol Cleansing Foam,Anua,anua-heartleaf-quercetinol-cleansing-foam-150ml,https://www.skinko.com.ar/products/anua-heartleaf-quercetinol-cleansing-foam-150ml,41,no,28,3,3,Limpiador,63,4,sin meta description; descripción corta (28 pal.); 3 imágenes sin alt; marca inconsistente (Anua)
Anua Heartleaf 80% Soothing Ampoule,Anua,anua-heartleaf-80-soothing-ampoule-30ml,https://www.skinko.com.ar/products/anua-heartleaf-80-soothing-ampoule-30ml,35,no,93,3,3,,458,4,sin meta description; 3 imágenes sin alt; sin tipo de producto; marca inconsistente (Anua)
Anua Heartleaf Silky Moisture Suncream,Anua,anua-heartleaf-silky-moisture-suncream-50ml,https://www.skinko.com.ar/products/anua-heartleaf-silky-moisture-suncream-50ml,38,no,40,4,4,Protector solar,364,4,sin meta description; descripción corta (40 pal.); 4 imágenes sin alt; marca inconsistente (Anua)
COMMONLABS | Vitamin C Brightening Gel Cream 50 g,Commonlabs,vitamin-c-brightening-gel-cream-50g,https://www.skinko.com.ar/products/vitamin-c-brightening-gel-cream-50g,49,no,51,3,3,,168,4,sin meta description; descripción corta (51 pal.); 3 imágenes sin alt; sin tipo de producto
COMMONLABS | Vitamin C Brightening Peeling Toner 200 ml,Commonlabs,vitamin-c-brightening-peeling-toner-200ml,https://www.skinko.com.ar/products/vitamin-c-brightening-peeling-toner-200ml,55,no,46,3,3,,142,4,sin meta description; descripción corta (46 pal.); 3 imágenes sin alt; sin tipo de producto
COONY | Mascarilla Facial Aloe Mask 23g,Coony,mascarilla-facial-aloe-essence-mask-23g,https://www.skinko.com.ar/products/mascarilla-facial-aloe-essence-mask-23g,39,no,69,3,3,,607,4,sin meta description; descripción corta (69 pal.); 3 imágenes sin alt; sin tipo de producto
COONY | Mascarilla Facial Collagen Mask 23g,Coony,mascarilla-facial-collagen-essence-mask-23g,https://www.skinko.com.ar/products/mascarilla-facial-collagen-essence-mask-23g,43,no,49,3,3,,2,4,sin meta description; descripción corta (49 pal.); 3 imágenes sin alt; sin tipo de producto
COONY | Mascarilla Facial Pearl 23g,Coony,mascarilla-facial-pearl-essence-mask-23g,https://www.skinko.com.ar/products/mascarilla-facial-pearl-essence-mask-23g,35,no,143,3,3,,24,4,"sin meta description; 3 imágenes sin alt; sin tipo de producto; claim ""trata"""
COONY | Mascarilla Facial Blueberry Mask 23g,Coony,mascarilla-facial-blueberry-essence-mask-23g,https://www.skinko.com.ar/products/mascarilla-facial-blueberry-essence-mask-23g,44,no,63,3,3,,348,4,sin meta description; descripción corta (63 pal.); 3 imágenes sin alt; sin tipo de producto
COONY | Mascarilla Facial Pomegranate Mask 23g,Coony,mascarilla-facial-pomegranate-essense-mask-23g,https://www.skinko.com.ar/products/mascarilla-facial-pomegranate-essense-mask-23g,46,no,51,3,3,,428,4,sin meta description; descripción corta (51 pal.); 3 imágenes sin alt; sin tipo de producto
COONY | Mascarilla Facial Arbutin Mask 23g,Coony,mascarilla-facial-arbutin-essence-mask-23g,https://www.skinko.com.ar/products/mascarilla-facial-arbutin-essence-mask-23g,42,no,37,3,3,,395,4,sin meta description; descripción corta (37 pal.); 3 imágenes sin alt; sin tipo de producto
COONY | Mascarilla Facial Q10 Mask 23g,Coony,mascarilla-facial-q10-essence-mask-23g,https://www.skinko.com.ar/products/mascarilla-facial-q10-essence-mask-23g,38,no,48,3,3,,11,4,sin meta description; descripción corta (48 pal.); 3 imágenes sin alt; sin tipo de producto
COONY | Acne Fast Clear Patch 24u,Coony,acne-fast-clear-patch-24u,https://www.skinko.com.ar/products/acne-fast-clear-patch-24u,33,no,26,3,3,,71,4,sin meta description; descripción corta (26 pal.); 3 imágenes sin alt; sin tipo de producto
COONY | Pure Daily Foaming Cleanser 150ml,Coony,pure-daily-foaming-cleanser-150ml,https://www.skinko.com.ar/products/pure-daily-foaming-cleanser-150ml,41,no,80,3,3,,0,4,sin meta description; 3 imágenes sin alt; sin tipo de producto; sin stock
COONY | Natural Volcanic Clay 70ml,Coony,natural-volcanic-clay-70ml,https://www.skinko.com.ar/products/natural-volcanic-clay-70ml,34,no,67,3,3,,267,4,sin meta description; descripción corta (67 pal.); 3 imágenes sin alt; sin tipo de producto
COONY | Natural Sleeping Mask 70ml,Coony,natural-sleeping-mask-70ml,https://www.skinko.com.ar/products/natural-sleeping-mask-70ml,34,no,75,3,3,,171,4,sin meta description; descripción corta (75 pal.); 3 imágenes sin alt; sin tipo de producto
COONY | Aloe Soothing Gel 300ml,Coony,aloe-soothing-gel-300ml,https://www.skinko.com.ar/products/aloe-soothing-gel-300ml,31,no,54,3,3,gel,0,4,sin meta description; descripción corta (54 pal.); 3 imágenes sin alt; sin stock
COONY | Madecassic Eye Cream 15ml,Coony,madecassic-eye-cream-15ml,https://www.skinko.com.ar/products/madecassic-eye-cream-15ml,33,no,64,3,3,,7,4,sin meta description; descripción corta (64 pal.); 3 imágenes sin alt; sin tipo de producto
COONY | Cicaluronic Lip Balm 10g,Coony,cicaluronic-lip-balm-10g,https://www.skinko.com.ar/products/cicaluronic-lip-balm-10g,32,no,60,3,3,,912,4,sin meta description; descripción corta (60 pal.); 3 imágenes sin alt; sin tipo de producto
COONY | Multi-Active Renewing Cream 50ml,Coony,multi-active-renewing-cream-50ml,https://www.skinko.com.ar/products/multi-active-renewing-cream-50ml,40,no,89,3,3,,0,4,sin meta description; 3 imágenes sin alt; sin tipo de producto; sin stock
COONY | Retinol Overnight Repair Serum 30ml,Coony,retinol-overnight-repair-serum-30ml,https://www.skinko.com.ar/products/retinol-overnight-repair-serum-30ml,43,no,116,3,3,,0,4,sin meta description; 3 imágenes sin alt; sin tipo de producto; sin stock
COONY | Acne Control Serum 30ml,Coony,acne-control-serum-30ml,https://www.skinko.com.ar/products/acne-control-serum-30ml,31,no,47,3,3,,252,4,sin meta description; descripción corta (47 pal.); 3 imágenes sin alt; sin tipo de producto
COONY | Sos Acne Spot Treatment 15ml,Coony,sos-acne-spot-treatment-15ml,https://www.skinko.com.ar/products/sos-acne-spot-treatment-15ml,36,no,45,3,3,,88,4,sin meta description; descripción corta (45 pal.); 3 imágenes sin alt; sin tipo de producto
COONY | White Truffles Essence Mist 100ml,Coony,white-truffles-essence-mist-100ml,https://www.skinko.com.ar/products/white-truffles-essence-mist-100ml,41,no,41,3,3,,14,4,sin meta description; descripción corta (41 pal.); 3 imágenes sin alt; sin tipo de producto
COONY | Intensive Foot Patch,Coony,intensive-foot-patch,https://www.skinko.com.ar/products/intensive-foot-patch,28,no,37,3,3,,215,4,sin meta description; descripción corta (37 pal.); 3 imágenes sin alt; sin tipo de producto
COONY | Foot Peeling Mask,Coony,foot-peeling-mask,https://www.skinko.com.ar/products/foot-peeling-mask,25,no,51,3,3,,175,4,sin meta description; descripción corta (51 pal.); 3 imágenes sin alt; sin tipo de producto
COONY | Cicamidas 5 Body Lotion 300ml,Coony,cicamidas-5-body-lotion-300ml,https://www.skinko.com.ar/products/cicamidas-5-body-lotion-300ml,37,no,95,3,3,,0,4,sin meta description; 3 imágenes sin alt; sin tipo de producto; sin stock
COONY | Silicon Face Brush (Anti-derrame),Coony,silicon-face-brush-anti-derrame,https://www.skinko.com.ar/products/silicon-face-brush-anti-derrame,41,no,58,3,3,,166,4,sin meta description; descripción corta (58 pal.); 3 imágenes sin alt; sin tipo de producto
COONY | Silicon Face Brush (Espatula),Coony,silicon-face-brush-espatula,https://www.skinko.com.ar/products/silicon-face-brush-espatula,37,no,58,3,3,,465,4,sin meta description; descripción corta (58 pal.); 3 imágenes sin alt; sin tipo de producto
COONY Scalp Therapy Massager | Masajeador de Cuero Cabelludo,Coony,scalp-therapy-massager,https://www.skinko.com.ar/products/scalp-therapy-massager,60,no,70,3,3,,273,4,sin meta description; descripción corta (70 pal.); 3 imágenes sin alt; sin tipo de producto
COONY | Hisopos de silocona con espejo,Coony,hisopos-de-silocona-con-espejo,https://www.skinko.com.ar/products/hisopos-de-silocona-con-espejo,38,no,55,3,3,,364,4,sin meta description; descripción corta (55 pal.); 3 imágenes sin alt; sin tipo de producto
COONY | Cryospoons,Coony,cryospoons,https://www.skinko.com.ar/products/cryospoons,18,no,62,3,3,,64,4,sin meta description; descripción corta (62 pal.); 3 imágenes sin alt; sin tipo de producto
SKIN1004 | Madagascar Centella Light Cleansing Oil 200ml,Skin1004,madagascar-centella-light-cleansing-oil-200ml,https://www.skinko.com.ar/products/madagascar-centella-light-cleansing-oil-200ml,56,no,86,3,3,,0,4,sin meta description; 3 imágenes sin alt; sin tipo de producto; sin stock
SKIN1004 | Madagascar Centella Hyalu-Cica Sleeping Pack 100 ml,Skin1004,madagascar-centella-hyalu-cica-sleeping-pack-100ml,https://www.skinko.com.ar/products/madagascar-centella-hyalu-cica-sleeping-pack-100ml,62,no,81,3,3,,165,4,sin meta description; title SEO 62 car.; 3 imágenes sin alt; sin tipo de producto
SKIN1004 Madagascar Centella Hyalu-Cica Silky-Fit Sun Stick 20g | Protector solar sedoso en barra,Skin1004,madagascar-centella-hyalu-cica-silky-fit-sun-stick-20g,https://www.skinko.com.ar/products/madagascar-centella-hyalu-cica-silky-fit-sun-stick-20g,97,no,92,3,3,,151,4,sin meta description; title SEO 97 car.; 3 imágenes sin alt; sin tipo de producto
SKIN1004 | Madagascar Centella Tone Brightening Cleansing Gel Foam 125ml,Skin1004,madagascar-centella-tone-brightening-cleansing-gel-foam-125ml,https://www.skinko.com.ar/products/madagascar-centella-tone-brightening-cleansing-gel-foam-125ml,72,no,98,3,3,,248,4,sin meta description; title SEO 72 car.; 3 imágenes sin alt; sin tipo de producto
SKIN1004 | Madagascar Centella Tone Brightening Boosting Toner 210ml,Skin1004,madagascar-centella-tone-brightening-boosting-toner-210ml,https://www.skinko.com.ar/products/madagascar-centella-tone-brightening-boosting-toner-210ml,68,no,85,3,3,,295,4,sin meta description; title SEO 68 car.; 3 imágenes sin alt; sin tipo de producto
SKIN1004 | Madagascar Centella Poremizing Clear Toner 210ml,Skin1004,madagascar-centella-poremizing-clear-toner-210ml,https://www.skinko.com.ar/products/madagascar-centella-poremizing-clear-toner-210ml,59,no,78,3,3,,91,4,sin meta description; descripción corta (78 pal.); 3 imágenes sin alt; sin tipo de producto
SKIN1004 | Madagascar Centella Poremizing Light Gel Cream 75ml,Skin1004,madagascar-centella-light-gel-cream-75ml,https://www.skinko.com.ar/products/madagascar-centella-light-gel-cream-75ml,62,no,82,3,3,,43,4,sin meta description; title SEO 62 car.; 3 imágenes sin alt; sin tipo de producto
SKIN1004 | Madagascar Centella Poremizing Quick Clay Stick Mask 27g,Skin1004,madagascar-centella-poremizing-quick-clay-stick-mask-27g,https://www.skinko.com.ar/products/madagascar-centella-poremizing-quick-clay-stick-mask-27g,67,no,89,3,3,,70,4,sin meta description; title SEO 67 car.; 3 imágenes sin alt; sin tipo de producto
SKIN1004 | Madagascar Centella Poremizing Fresh Ampoule 50ml,Skin1004,madagascar-centella-poremizing-fresh-ampoule-50ml,https://www.skinko.com.ar/products/madagascar-centella-poremizing-fresh-ampoule-50ml,60,no,115,3,3,,0,4,sin meta description; 3 imágenes sin alt; sin tipo de producto; sin stock
SKIN1004 | Madagascar Centella Tea-Trica Bha Foam 125ml,Skin1004,madagascar-centella-tea-trica-bha-foam-125ml,https://www.skinko.com.ar/products/madagascar-centella-tea-trica-bha-foam-125ml,55,no,63,3,3,,141,4,sin meta description; descripción corta (63 pal.); 3 imágenes sin alt; sin tipo de producto
SKIN1004 | Madagascar Centella Matrixyl 10 Boosting Shot Ampoule 30ml,Skin1004,madagascar-centella-matrixyl-10-boosting-shot-ampoule-30ml,https://www.skinko.com.ar/products/madagascar-centella-matrixyl-10-boosting-shot-ampoule-30ml,69,no,51,3,3,seurm,154,4,sin meta description; title SEO 69 car.; descripción corta (51 pal.); 3 imágenes sin alt
SKIN1004 | Madagascar Centella Niacinamide 10 Boosting Shot Ampoule 30ml,Skin1004,madagascar-centella-niacinamide-10-boosting-shot-ampoule-30ml,https://www.skinko.com.ar/products/madagascar-centella-niacinamide-10-boosting-shot-ampoule-30ml,72,no,62,3,3,serum,118,4,sin meta description; title SEO 72 car.; descripción corta (62 pal.); 3 imágenes sin alt
SKIN1004 | Madagascar Centella Retinol 0.2 Boosting Shot Ampoule 30ml,Skin1004,madagascar-centella-retinol-0-2-boosting-shot-ampoule-30ml,https://www.skinko.com.ar/products/madagascar-centella-retinol-0-2-boosting-shot-ampoule-30ml,69,no,122,3,3,,75,4,sin meta description; title SEO 69 car.; 3 imágenes sin alt; sin tipo de producto
SKIN1004 | HYALU-CICA HYDRATING MASK (unidad),Skin1004,skin1004-hyalu-cica-hydrating-mask-x-5-unidades,https://www.skinko.com.ar/products/skin1004-hyalu-cica-hydrating-mask-x-5-unidades,45,no,219,2,2,,125,4,sin meta description; 2 imágenes sin alt; solo 2 imágenes; sin tipo de producto
COSRX PEPTIDE-132 ULTRA PERFECT HAIR BONDING TREATMENT 120ml| Tratamiento Capilar Intensivo,COSRX,cosrx-peptide-132-ultra-perfect-hair-bonding-treatment,https://www.skinko.com.ar/products/cosrx-peptide-132-ultra-perfect-hair-bonding-treatment,91,no,39,4,4,Mascarilla,109,4,sin meta description; title SEO 91 car.; descripción corta (39 pal.); 4 imágenes sin alt
COSRX | SET CERAMIDAS - PIEL SENSIBLE,COSRX,cosrx-set-ceramidas-piel-sensible,https://www.skinko.com.ar/products/cosrx-set-ceramidas-piel-sensible,37,no,16,1,1,Set,15,4,sin meta description; descripción corta (16 pal.); 1 imágenes sin alt; solo 1 imágenes
Celimax | Ji Woo Gae Heartleaf BHA Peeling Pad,Celimax,celimax-ji-woo-gae-heartleaf-bha-peeling-pad-almohadilla-exfoliantes-con-bha,https://www.skinko.com.ar/products/celimax-ji-woo-gae-heartleaf-bha-peeling-pad-almohadilla-exfoliantes-con-bha,46,no,57,3,3,toner pad,64,4,sin meta description; descripción corta (57 pal.); 3 imágenes sin alt; URL larga
Celimax | Pore+Dark Spot Brightening Sunscreen,Celimax,celimax-pore-dark-spot-brightening-care-sunscreen-protector-solar-ligero,https://www.skinko.com.ar/products/celimax-pore-dark-spot-brightening-care-sunscreen-protector-solar-ligero,46,no,49,5,5,Protector solar,117,4,sin meta description; descripción corta (49 pal.); 5 imágenes sin alt; URL larga
Celimax | Pore+Dark Spot Brightening Cream Mask 1 und,Celimax,celimax-pore-dark-spot-brightening-cream-mask-1-und-macarilla-facial-iluminadora,https://www.skinko.com.ar/products/celimax-pore-dark-spot-brightening-cream-mask-1-und-macarilla-facial-iluminadora,53,no,22,5,5,Mascarilla,59,4,sin meta description; descripción corta (22 pal.); 5 imágenes sin alt; URL larga
DR. ALTHEA | Green Relief Amino Gel Cleanser | 100ml,Dr. Althea,dr-althea-green-relief-amino-gel-cleanser,https://www.skinko.com.ar/products/dr-althea-green-relief-amino-gel-cleanser,44,no,46,4,4,,121,4,sin meta description; descripción corta (46 pal.); 4 imágenes sin alt; sin tipo de producto
"DR. ALTHEA | Retinol Flat Iron Eye Roller | 25ml | Sérum Contorno de Ojos con Retinol, Bakuchiol y Aplicador Roller",Dr. Althea,dr-althea-retinol-flat-iron-eye-roller,https://www.skinko.com.ar/products/dr-althea-retinol-flat-iron-eye-roller,41,no,39,4,4,,65,4,sin meta description; descripción corta (39 pal.); 4 imágenes sin alt; sin tipo de producto
DR. ALTHEA | Aqua Marine Deep Serum | 30ml | Serum Facial Hidratante y Antiinflamatorio con 70% Bamboo y PDRN Vegano,Dr. Althea,dr-althea-aqua-marine-deep-serum,https://www.skinko.com.ar/products/dr-althea-aqua-marine-deep-serum,35,no,56,4,4,,81,4,sin meta description; descripción corta (56 pal.); 4 imágenes sin alt; sin tipo de producto
DR. ALTHEA | Aqua Marine Jelly Mist | 100ml | Bruma Facial Humectante y Anti-Enrojecimiento con PDRN Vegano y Agua de Mar,Dr. Althea,dr-althea-aqua-marine-jelly-mist,https://www.skinko.com.ar/products/dr-althea-aqua-marine-jelly-mist,35,no,47,4,4,,87,4,sin meta description; descripción corta (47 pal.); 4 imágenes sin alt; sin tipo de producto
DR. ALTHEA | Aqua Marine Watery Cream | 50ml | Crema Gel Hidratante y Refrescante con 70% Bamboo,Dr. Althea,dr-althea-aqua-marine-watery-cream,https://www.skinko.com.ar/products/dr-althea-aqua-marine-watery-cream,37,no,39,4,4,,72,4,sin meta description; descripción corta (39 pal.); 4 imágenes sin alt; sin tipo de producto
DR. ALTHEA | Reju 5000 Cream 20g| Crema Facial Regeneradora para Barrera Dañada con 5% Pantenol y Biome PDRN,Dr. Althea,dr-althea-reju-5000-cream,https://www.skinko.com.ar/products/dr-althea-reju-5000-cream,28,no,43,4,4,,212,4,sin meta description; descripción corta (43 pal.); 4 imágenes sin alt; sin tipo de producto
DR. ALTHEA | Cushion Veil Calming Mask | 1 pz | Mascarilla Facial Descongestiva con Polvo de Piedra Fría y Cica Complex,Dr. Althea,dr-althea-cushion-veil-calming-mask,https://www.skinko.com.ar/products/dr-althea-cushion-veil-calming-mask,38,no,44,3,3,,232,4,sin meta description; descripción corta (44 pal.); 3 imágenes sin alt; sin tipo de producto
DR. ALTHEA | Jelly Seal Dewy Mask | 1 pz | Mascarilla Facial Humectante de Elasticidad con Phyto PDRN y 10 Ácidos Hialurónicos,Dr. Althea,dr-althea-jelly-seal-dewy-mask,https://www.skinko.com.ar/products/dr-althea-jelly-seal-dewy-mask,33,no,33,4,4,,107,4,sin meta description; descripción corta (33 pal.); 4 imágenes sin alt; sin tipo de producto
DR. ALTHEA | Aqua Blue Hydration Mask | 1 pz | Mascarilla Facial Revitalizante y Anti-Hinchazón con Azulene y Agua de Bamboo,Dr. Althea,dr-althea-aqua-blue-hydration-mask,https://www.skinko.com.ar/products/dr-althea-aqua-blue-hydration-mask,37,no,37,4,4,,127,4,sin meta description; descripción corta (37 pal.); 4 imágenes sin alt; sin tipo de producto
DR. ALTHEA | Vita Glow Mask | 1 pz | Mascarilla Facial Iluminadora y Antioxidante con Niacinamida y Hippophae Rhamnoides,Dr. Althea,dr-althea-vita-glow-mask,https://www.skinko.com.ar/products/dr-althea-vita-glow-mask,27,no,37,3,3,,17,4,sin meta description; descripción corta (37 pal.); 3 imágenes sin alt; sin tipo de producto
"DR. ALTHEA | 345 Relief Cream Mask | 1 pz | Mascarilla Facial para Imperfecciones con Niacinamida, Pantenol y Resveratrol",Dr. Althea,dr-althea-345-relief-cream-mask,https://www.skinko.com.ar/products/dr-althea-345-relief-cream-mask,34,no,35,3,3,,65,4,sin meta description; descripción corta (35 pal.); 3 imágenes sin alt; sin tipo de producto
"DR. ALTHEA | 345 Relief Cream | 50ml | Crema Ligera Calmante y Equilibrante con Teca, Pantenol y Ceramidas",Dr. Althea,dr-althea-345-relief-cream,https://www.skinko.com.ar/products/dr-althea-345-relief-cream,29,no,30,4,4,,190,4,sin meta description; descripción corta (30 pal.); 4 imágenes sin alt; sin tipo de producto
DR. ALTHEA | 147 Barrier Cream | 50ml | Crema Rica Nutritiva y Reparadora con Ceramidas y Manteca de Karité,Dr. Althea,dr-althea-147-barrier-cream,https://www.skinko.com.ar/products/dr-althea-147-barrier-cream,30,no,32,4,4,,224,4,sin meta description; descripción corta (32 pal.); 4 imágenes sin alt; sin tipo de producto
"VT COSMETICS | Reedle Shot Hair Boosting Ampoule 100 | 15ml | Ampolla Capilar Revitalizante con PDRN, Biotina y Cafeína",Vt Cosmetics,vt-cosmetics-reedle-shot-hair-boosting-ampoule-100dl,https://www.skinko.com.ar/products/vt-cosmetics-reedle-shot-hair-boosting-ampoule-100dl,54,no,105,4,4,,121,4,sin meta description; 4 imágenes sin alt; sin tipo de producto; marca inconsistente (Vt Cosmetics)
MEDICUBE ZERO FOAM CLEANSER 120ml - Limpiador en espuma,Medicube,medicube-zero-foam-cleanser-120ml-limpiador-en-espuma,https://www.skinko.com.ar/products/medicube-zero-foam-cleanser-120ml-limpiador-en-espuma,55,no,24,4,4,Limpiador,111,4,sin meta description; descripción corta (24 pal.); 4 imágenes sin alt; marca inconsistente (Medicube)
DR. MELAXIN Cemenrete Cyano Pink Spicule Cream 50ml – Crema Reafirmante e Iluminadora con Vitamina B12 y Spicules,DR. MELAXIN,dr-melaxin-cemenrete-cyano-pink-spicule-cream,https://www.skinko.com.ar/products/dr-melaxin-cemenrete-cyano-pink-spicule-cream,96,no,156,3,3,,167,4,sin meta description; title SEO 96 car.; 3 imágenes sin alt; sin tipo de producto
"DR. MELAXIN Bondex Protein Bonding Remodeling Shampoo 400ml – Champú Reparador Estructural con Péptidos, Keratina y Aceite de Argán",DR. MELAXIN,dr-melaxin-bondex-protein-bonding-remodeling-shampoo,https://www.skinko.com.ar/products/dr-melaxin-bondex-protein-bonding-remodeling-shampoo,100,no,224,3,3,,60,4,sin meta description; title SEO 100 car.; 3 imágenes sin alt; sin tipo de producto
DR. MELAXIN Bondex Protein Bonding Remodeling Clinic 250ml – Tratamiento Reparador de Enlaces y Suavidad con Péptidos y Proteínas,DR. MELAXIN,dr-melaxin-bondex-protein-bonding-remodeling-clinic,https://www.skinko.com.ar/products/dr-melaxin-bondex-protein-bonding-remodeling-clinic,117,no,201,4,4,,127,4,sin meta description; title SEO 117 car.; 4 imágenes sin alt; sin tipo de producto
A BY UNLEASHIA Berry Cool Plumping Lip Balm 2g – Bálsamo Labial con Volumen y Mentol,A BY UNLEASHIA,a-by-unleashia-berry-cool-plumping-lip-balm,https://www.skinko.com.ar/products/a-by-unleashia-berry-cool-plumping-lip-balm,83,no,678,3,3,,86,4,sin meta description; title SEO 83 car.; 3 imágenes sin alt; sin tipo de producto
Beauty of Joseon | Ginseng Essence Water 150ml – Tónico Esencia Revitalizante con 80% de Ginseng y Niacinamida.,Beauty of Joseon,boj-ginseng-essence-water,https://www.skinko.com.ar/products/boj-ginseng-essence-water,68,no,37,3,3,tonico,155,4,sin meta description; title SEO 68 car.; descripción corta (37 pal.); 3 imágenes sin alt
DAILY COMMA Most Eau de Parfum Fresh Citrus 30ml – Fragancia Refrescante con Notas de Cítricos Chispeantes,DAILY COMMA,daily-comma-most-eau-de-parfum-fresh-citrus,https://www.skinko.com.ar/products/daily-comma-most-eau-de-parfum-fresh-citrus,93,no,385,12,12,,1902,4,sin meta description; title SEO 93 car.; 12 imágenes sin alt; sin tipo de producto
DAILY COMMA Most Perfume Hand Cream 50ml – Crema de Manos Hidratante y Perfumada con Manteca de Karité,DAILY COMMA,daily-comma-most-perfume-hand-cream,https://www.skinko.com.ar/products/daily-comma-most-perfume-hand-cream,97,no,435,10,10,,1184,4,sin meta description; title SEO 97 car.; 10 imágenes sin alt; sin tipo de producto
DAILY COMMA Signature Perfume Discovery Set 9.9ml – Set de Fragancias de Nicho con Notas Sensoriales Variadas,DAILY COMMA,daily-comma-signature-perfume-discovery-set,https://www.skinko.com.ar/products/daily-comma-signature-perfume-discovery-set,103,no,322,8,8,,1076,4,sin meta description; title SEO 103 car.; 8 imágenes sin alt; sin tipo de producto
BIOHEAL BOH | NAD-Prizcell Glow Power Serum 30ml,BIOHEAL,bioheal-boh-nad-prizcell-glow-power-serum,https://www.skinko.com.ar/products/bioheal-boh-nad-prizcell-glow-power-serum,88,no,36,4,4,serum,210,4,sin meta description; title SEO 88 car.; descripción corta (36 pal.); 4 imágenes sin alt
BIOHEAL BOH | Nad-Prizcell Glow Boost Cream 50ml,BIOHEAL,bioheal-boh-nad-prizcell-glow-boost-cream,https://www.skinko.com.ar/products/bioheal-boh-nad-prizcell-glow-boost-cream,90,no,43,4,4,crema,241,4,sin meta description; title SEO 90 car.; descripción corta (43 pal.); 4 imágenes sin alt
BIOHEAL BOH | Probioderm 3D Lifting Ampoule 30ml,BIOHEAL,bioheal-boh-probioderm-3d-lifting-ampoule,https://www.skinko.com.ar/products/bioheal-boh-probioderm-3d-lifting-ampoule,88,no,37,4,4,serum,245,4,sin meta description; title SEO 88 car.; descripción corta (37 pal.); 4 imágenes sin alt
BIOHEAL BOH | Probioderm 3D Lifting Cream 50ml,BIOHEAL,bioheal-boh-probioderm-3d-lifting-cream,https://www.skinko.com.ar/products/bioheal-boh-probioderm-3d-lifting-cream,93,no,34,4,4,crema,105,4,sin meta description; title SEO 93 car.; descripción corta (34 pal.); 4 imágenes sin alt
BIOHEAL BOH | Probioderm 3D Lifting Eye & Wrinkle Cream 2x25ml,BIOHEAL,bioheal-boh-probioderm-3d-lifting-eye-wrinkle-cream,https://www.skinko.com.ar/products/bioheal-boh-probioderm-3d-lifting-eye-wrinkle-cream,110,no,36,3,3,contorno de ojos,192,4,sin meta description; title SEO 110 car.; descripción corta (36 pal.); 3 imágenes sin alt
BIOHEAL BOH | Probioderm Collagen Remodeling Serum 30ml – Serum Reafirmante y Minimizador de Poros con Colágeno y LHA.,BIOHEAL,bioheal-boh-probioderm-collagen-remodeling-serum,https://www.skinko.com.ar/products/bioheal-boh-probioderm-collagen-remodeling-serum,104,no,35,4,4,serum,133,4,sin meta description; title SEO 104 car.; descripción corta (35 pal.); 4 imágenes sin alt
BIOHEAL BOH | Probioderm 3D Lifting Biotoksil PLGA Film Mask 15g,BIOHEAL,bioheal-boh-probioderm-3d-lifting-biotoksil-plga-film-mask,https://www.skinko.com.ar/products/bioheal-boh-probioderm-3d-lifting-biotoksil-plga-film-mask,102,no,36,3,3,Mascarilla,149,4,sin meta description; title SEO 102 car.; descripción corta (36 pal.); 3 imágenes sin alt
BIOHEAL BOH | Probioderm 3D Lifting Cream Mask 25ml,BIOHEAL,bioheal-boh-probioderm-3d-lifting-cream-mask,https://www.skinko.com.ar/products/bioheal-boh-probioderm-3d-lifting-cream-mask,93,no,36,3,3,Mascarilla,109,4,sin meta description; title SEO 93 car.; descripción corta (36 pal.); 3 imágenes sin alt
BIOHEAL BOH | Probioderm 3D Lifting Capsule Sun Serum 50ml,BIOHEAL,bioheal-boh-probioderm-3d-lifting-capsule-sun-serum,https://www.skinko.com.ar/products/bioheal-boh-probioderm-3d-lifting-capsule-sun-serum,105,no,36,3,3,Protector solar,195,4,sin meta description; title SEO 105 car.; descripción corta (36 pal.); 3 imágenes sin alt
BIOHEAL BOH | Probioderm Collagen Remodeling Eye Patch 60u,BIOHEAL,bioheal-boh-probioderm-collagen-remodeling-eye-patch,https://www.skinko.com.ar/products/bioheal-boh-probioderm-collagen-remodeling-eye-patch,107,no,38,3,3,parche,111,4,sin meta description; title SEO 107 car.; descripción corta (38 pal.); 3 imágenes sin alt
EQQUALBERRY Aloe PDRN Calming Serum 30ml – Sérum Calmante y Reparador con Aloe PDRN,EQQUALBERRY,eqqualberry-aloe-pdrn-calming-serum,https://www.skinko.com.ar/products/eqqualberry-aloe-pdrn-calming-serum,78,sí,22,3,3,serum,55,4,title SEO 78 car.; descripción corta (22 pal.); 3 imágenes sin alt; marca inconsistente (EQQUALBERRY)
PURITO Wonder Releaf Centella Serum Unscented 60ml – Serum Facial Calmante e Hidratante con Centella Asiática Coreana,PURITO,purito-wonder-releaf-centella-serum-unscented,https://www.skinko.com.ar/products/purito-wonder-releaf-centella-serum-unscented,112,no,20,3,3,serum,114,4,sin meta description; title SEO 112 car.; descripción corta (20 pal.); 3 imágenes sin alt
DEAR.A | Personal Single Concealer 8g – Corrector de Alta Cobertura con Escualano y Centella Asiática.,DEAR A,dear-a-personal-single-concealer,https://www.skinko.com.ar/products/dear-a-personal-single-concealer,87,sí,32,6,6,,98,4,title SEO 87 car.; descripción corta (32 pal.); 6 imágenes sin alt; sin tipo de producto
AROMATICA Rosemary Scalp Scaling Shampoo 180ml– Shampoo Exfoliante y Fortalecedor con Romero,AROMATICA,aromatica-rosemary-scalp-scaling-shampoo,https://www.skinko.com.ar/products/aromatica-rosemary-scalp-scaling-shampoo,87,sí,30,3,3,,92,4,title SEO 87 car.; descripción corta (30 pal.); 3 imágenes sin alt; sin tipo de producto
AROMATICA Rosemary Hair Thickening Conditioner Mini 180ml – Acondicionador Fortalecedor y Voluminizador con Romero,AROMATICA,aromatica-rosemary-hair-thickening-conditioner-mini,https://www.skinko.com.ar/products/aromatica-rosemary-hair-thickening-conditioner-mini,108,sí,30,3,3,,71,4,title SEO 108 car.; descripción corta (30 pal.); 3 imágenes sin alt; sin tipo de producto
AROMATICA Rosemary Scalp Scrub 165g – Exfoliante Capilar Purificante con Sal del Mar Muerto,AROMATICA,aromatica-rosemary-scalp-scrub,https://www.skinko.com.ar/products/aromatica-rosemary-scalp-scrub,86,sí,32,4,4,,95,4,title SEO 86 car.; descripción corta (32 pal.); 4 imágenes sin alt; sin tipo de producto
AROMATICA Rosemary Root Enhancer 100ml – Tónico Capilar Fortalecedor con Biotina,AROMATICA,aromatica-rosemary-root-enhancer,https://www.skinko.com.ar/products/aromatica-rosemary-root-enhancer,74,sí,29,4,4,,40,4,title SEO 74 car.; descripción corta (29 pal.); 4 imágenes sin alt; sin tipo de producto
AROMATICA Rosemary Root Volumizing Scalp Ampoule 20ml – Ampolla Capilar Voluminizadora y Fortalecedora con Cafeína,AROMATICA,aromatica-rosemary-root-volumizing-scalp-ampoule,https://www.skinko.com.ar/products/aromatica-rosemary-root-volumizing-scalp-ampoule,109,sí,29,4,4,,125,4,title SEO 109 car.; descripción corta (29 pal.); 4 imágenes sin alt; sin tipo de producto
AROMATICA Pure & Soft Feminine Wash 170ml – Gel de Higiene Íntima Suave con Ácido Láctico,AROMATICA,aromatica-pure-soft-feminine-wash,https://www.skinko.com.ar/products/aromatica-pure-soft-feminine-wash,83,sí,29,4,4,,98,4,title SEO 83 car.; descripción corta (29 pal.); 4 imágenes sin alt; sin tipo de producto
AROMATICA Rosemary Scalp Scaling Trial Kit – Set de Cuidado Capilar Anticaspa con Romero,AROMATICA,aromatica-rosemary-scalp-scaling-trial-kit,https://www.skinko.com.ar/products/aromatica-rosemary-scalp-scaling-trial-kit,88,sí,33,6,6,,150,4,title SEO 88 car.; descripción corta (33 pal.); 6 imágenes sin alt; sin tipo de producto
NUMBUZIN No. 9 Nad Bio Lifting-sil Essence 50ml – Esencia Reafirmante Efecto Hilos con Nad+,NUMBUZIN,numbuzin-no-9-nad-bio-lifting-sil-essence,https://www.skinko.com.ar/products/numbuzin-no-9-nad-bio-lifting-sil-essence,85,no,156,4,4,,22,4,sin meta description; title SEO 85 car.; 4 imágenes sin alt; sin tipo de producto
NUMBUZIN No. 9+ Nad+ Pdrn Glow Boosting Toner 150ml – Tónico Iluminador y Rejuvenecedor con Pdrn de Salmón,NUMBUZIN,numbuzin-no-9-nad-pdrn-glow-boosting-toner,https://www.skinko.com.ar/products/numbuzin-no-9-nad-pdrn-glow-boosting-toner,98,no,208,4,4,,110,4,sin meta description; title SEO 98 car.; 4 imágenes sin alt; sin tipo de producto
ELROEL Blanc Cover Cream Stick 13g – Base de Maquillaje con Efecto Lifting con Colágeno Francés,ELROEL,elroel-blanc-cover-cream-stick,https://www.skinko.com.ar/products/elroel-blanc-cover-cream-stick,91,no,249,5,5,,307,4,sin meta description; title SEO 91 car.; 5 imágenes sin alt; sin tipo de producto
JUMISO Blackhead Melting Softener Special Kit – Tónico Ablandador de Puntos Negros y Poros con Agua de Ciprés,JUMISO,jumiso-blackhead-melting-softener,https://www.skinko.com.ar/products/jumiso-blackhead-melting-softener,97,no,124,4,4,,141,4,sin meta description; title SEO 97 car.; 4 imágenes sin alt; sin tipo de producto
BAREN Foot Callus Eraser Home Set – Kit Exfoliante y Removedor de Callosidades con Chamaecyparis Obtusa,BAREN,baren-foot-callus-eraser-home-set,https://www.skinko.com.ar/products/baren-foot-callus-eraser-home-set,103,sí,36,3,3,,132,4,title SEO 103 car.; descripción corta (36 pal.); 3 imágenes sin alt; sin tipo de producto
BAREN Silky Finish Hydrating Foot Balm 40ml – Bálsamo Hidratante para Pies con Urea,BAREN,baren-silky-finish-hydrating-foot-balm,https://www.skinko.com.ar/products/baren-silky-finish-hydrating-foot-balm,78,sí,35,4,4,,162,4,title SEO 78 car.; descripción corta (35 pal.); 4 imágenes sin alt; sin tipo de producto
BAREN Pure Touch Portable Hand Wash 50ml – Jabón de Manos Portátil en Espuma con Chamaecyparis Obtusa,BAREN,baren-pure-touch-portable-hand-wash,https://www.skinko.com.ar/products/baren-pure-touch-portable-hand-wash,96,sí,35,4,4,,119,4,title SEO 96 car.; descripción corta (35 pal.); 4 imágenes sin alt; sin tipo de producto
BAREN Shea Butter Sleeping Heel Patch – Parches Nocturnos para Talones con Manteca de Karité,BAREN,baren-shea-butter-sleeping-heel-patch,https://www.skinko.com.ar/products/baren-shea-butter-sleeping-heel-patch,92,sí,37,4,4,,111,4,title SEO 92 car.; descripción corta (37 pal.); 4 imágenes sin alt; sin tipo de producto
NUTRIONE | BB LAB Low Molecular Collagen S 60g (2g x 30) – Suplemento de Colágeno Marino para la Piel con Colágeno de Pescado y Vitamina C.,BBLAB,nutrione-bb-lab-low-molecular-collagen-s,https://www.skinko.com.ar/products/nutrione-bb-lab-low-molecular-collagen-s,109,sí,37,4,4,,46,4,title SEO 109 car.; descripción corta (37 pal.); 4 imágenes sin alt; sin tipo de producto
NUTRIONE | BB LAB Pantothenic Acid Collagen T 60g (2g x 30) – Suplemento con Colageno y Acido Pantonenico para restaurar y energizar pieles estresadas desde adentro,BBLAB,nutrione-bb-lab-pantothenic-acid-collagen-t,https://www.skinko.com.ar/products/nutrione-bb-lab-pantothenic-acid-collagen-t,110,sí,38,4,4,,53,4,title SEO 110 car.; descripción corta (38 pal.); 4 imágenes sin alt; sin tipo de producto
"NUTRIONE | BB LAB Glutathione Collagen W 60g (2g x 30) – Suplemento Antioxidante e Iluminador con Glutatión, Colágeno y Vitamina C.",BBLAB,nutrione-bb-lab-glutathione-collagen-w,https://www.skinko.com.ar/products/nutrione-bb-lab-glutathione-collagen-w,91,sí,38,4,4,,29,4,title SEO 91 car.; descripción corta (38 pal.); 4 imágenes sin alt; sin tipo de producto
NUTRIONE | BB LAB Biotin Collagen V 60g (2g x 30) – Suplemento para Piel y Cabello con Biotina y Colágeno Marino.,BBLAB,nutrione-bb-lab-biotin-collagen-v,https://www.skinko.com.ar/products/nutrione-bb-lab-biotin-collagen-v,78,sí,34,4,4,,39,4,title SEO 78 car.; descripción corta (34 pal.); 4 imágenes sin alt; sin tipo de producto
Bb Lab Goodnight Low Molecular Collagen Halal Colageno x30,BBLAB,bb-lab-low-molecular-collagen-biotin-plus,https://www.skinko.com.ar/products/bb-lab-low-molecular-collagen-biotin-plus,104,sí,115,1,1,,16,4,title SEO 104 car.; 1 imágenes sin alt; solo 1 imágenes; sin tipo de producto
BB LAB | Low Molecular Collagen Powder S Plus 60g (2g x 30) – Suplemento de Colágeno Marino Halal con Colágeno de Pescado y Vitamina C.,BBLAB,bb-lab-low-molecular-collagen-powder-s-plus,https://www.skinko.com.ar/products/bb-lab-low-molecular-collagen-powder-s-plus,118,sí,35,4,4,,47,4,title SEO 118 car.; descripción corta (35 pal.); 4 imágenes sin alt; sin tipo de producto
Bb Lab Low Molecular Collagen 5000 Premium Colageno x15,BBLAB,bb-lab-the-collagen-5500,https://www.skinko.com.ar/products/bb-lab-the-collagen-5500,99,sí,115,1,1,,15,4,title SEO 99 car.; 1 imágenes sin alt; solo 1 imágenes; sin tipo de producto
BB LAB | Collagen Probiotics 100g (2g x 50) – Suplemento para Salud Digestiva y Piel con Colágeno y Probióticos.,BBLAB,bb-lab-collagen-probiotics,https://www.skinko.com.ar/products/bb-lab-collagen-probiotics,94,sí,36,4,4,,25,4,title SEO 94 car.; descripción corta (36 pal.); 4 imágenes sin alt; sin tipo de producto
Sungboon Editor Deep Collagen Silk Peptide Intensive Ampoule 40ml – Ampolla Reafirmante Lifting Con Péptidos De Seda,SUNGBOON EDITOR,sungboon-editor-deep-collagen-silk-peptide-intensive-ampoule,https://www.skinko.com.ar/products/sungboon-editor-deep-collagen-silk-peptide-intensive-ampoule,111,no,31,3,3,ampolla,83,4,sin meta description; title SEO 111 car.; descripción corta (31 pal.); 3 imágenes sin alt
BRING GREEN | Tea Tree Cica Soothing Toner 250ml – Tónico Calmante y Exfoliante con Árbol de Té y Cica.,BRINGGREEN,bring-green-tea-tree-cica-soothing-toner,https://www.skinko.com.ar/products/bring-green-tea-tree-cica-soothing-toner,94,sí,36,3,3,,55,4,title SEO 94 car.; descripción corta (36 pal.); 3 imágenes sin alt; sin tipo de producto
BRING GREEN | Tea Tree Cica Soothing Cream+ 100ml – Crema Calmante e Hidratante con Árbol de Té y Cica.,BRINGGREEN,bring-green-tea-tree-cica-soothing-cream,https://www.skinko.com.ar/products/bring-green-tea-tree-cica-soothing-cream,94,sí,35,3,3,,97,4,title SEO 94 car.; descripción corta (35 pal.); 3 imágenes sin alt; sin tipo de producto
BRING GREEN | Artemisia Cera Fresh Mask 1u – Mascarilla Facial Calmante y Purificante con Artemisia Capillaris y Ceramidas.,BRINGGREEN,bring-green-artemisia-cera-fresh-mask,https://www.skinko.com.ar/products/bring-green-artemisia-cera-fresh-mask,105,sí,31,3,3,,224,4,title SEO 105 car.; descripción corta (31 pal.); 3 imágenes sin alt; sin tipo de producto
BRING GREEN | Tea Tree Cica Pore Nose Pack 5u – Parches Disolventes de Puntos Negros con Árbol de Té y Cica.,BRINGGREEN,bring-green-tea-tree-cica-pore-nose-pack,https://www.skinko.com.ar/products/bring-green-tea-tree-cica-pore-nose-pack,102,sí,39,3,3,,45,4,title SEO 102 car.; descripción corta (39 pal.); 3 imágenes sin alt; sin tipo de producto
BRING GREEN | Tea Tree Cica Cooling Sun Stick 20g – Protector Solar Calmante en Barra SPF50+ con Árbol de Té y Cica.,BRINGGREEN,bring-green-tea-tree-cica-cooling-sun-stick,https://www.skinko.com.ar/products/bring-green-tea-tree-cica-cooling-sun-stick,102,sí,34,4,4,,78,4,title SEO 102 car.; descripción corta (34 pal.); 4 imágenes sin alt; sin tipo de producto
BRING GREEN | Aloe 97% Soothing Gel 300ml – Gel Hidratante y Calmante con Aloe Vera de Jeju.,BRINGGREEN,bring-green-aloe-97-soothing-gel,https://www.skinko.com.ar/products/bring-green-aloe-97-soothing-gel,83,sí,36,3,3,,5,4,title SEO 83 car.; descripción corta (36 pal.); 3 imágenes sin alt; sin tipo de producto
BRING GREEN | Tea Tree Cica Deep Cleansing Foam 120ml – Espuma Limpiadora Purificante con Árbol de Té y Cica.,BRINGGREEN,bring-green-tea-tree-cica-deep-cleansing-foam,https://www.skinko.com.ar/products/bring-green-tea-tree-cica-deep-cleansing-foam,100,sí,34,3,3,,46,4,title SEO 100 car.; descripción corta (34 pal.); 3 imágenes sin alt; sin tipo de producto
BRING GREEN | Artemisia Oil Control Paper 70u – Papeles Matificantes Antibrillo con Polvo de Artemisia.,BRINGGREEN,bring-green-artemisia-oil-control-paper,https://www.skinko.com.ar/products/bring-green-artemisia-oil-control-paper,96,sí,38,3,3,,105,4,title SEO 96 car.; descripción corta (38 pal.); 3 imágenes sin alt; sin tipo de producto
MANYO Bifida Biome Aqua Barrier Cream 80ml – Crema Facial Hidratante,MANYO,manyo-bifida-biome-aqua-barrier-cream,https://www.skinko.com.ar/products/manyo-bifida-biome-aqua-barrier-cream,98,no,81,3,3,,98,4,sin meta description; title SEO 98 car.; 3 imágenes sin alt; sin tipo de producto
MANYO Pure Cleansing Oil 200ml – Aceite Limpiador Profundo y Desmaquillante con Semilla de Jojoba,MANYO,manyo-pure-cleansing-oil,https://www.skinko.com.ar/products/manyo-pure-cleansing-oil,101,no,84,3,3,,96,4,sin meta description; title SEO 101 car.; 3 imágenes sin alt; sin tipo de producto
MANYO Pure Soy Milk Cleansing Lotion 200ml – Limpiador Facial Hidratante y Suave con Leche de Soja,MANYO,manyo-pure-soy-milk-cleansing-lotion,https://www.skinko.com.ar/products/manyo-pure-soy-milk-cleansing-lotion,84,no,85,3,3,,100,4,sin meta description; title SEO 84 car.; 3 imágenes sin alt; sin tipo de producto
MANYO Bifida Ampoule Mist 120ml – Bruma Facial Regeneradora y Nutritiva,MANYO,manyo-bifida-ampoule-mist,https://www.skinko.com.ar/products/manyo-bifida-ampoule-mist,91,no,80,4,4,,98,4,sin meta description; title SEO 91 car.; 4 imágenes sin alt; sin tipo de producto
ABIB Collagen Gel Mask Heartleaf Jelly 1u – Mascarilla Calmante y Reafirmante con Extracto de Heartleaf y Colágeno,ABIB,abib-collagen-gel-mask-heartleaf-jelly,https://www.skinko.com.ar/products/abib-collagen-gel-mask-heartleaf-jelly,111,sí,164,4,4,,181,4,title SEO 111 car.; 4 imágenes sin alt; sin tipo de producto; marca inconsistente (ABIB)
APLB Glutathione Niacinamide Facial Cream 55ml – Crema Hidratante Aclarante y Anti-Manchas con Glutatión y Centella Asiática,APLB,aplb-glutathione-niacinamide-facial-cream,https://www.skinko.com.ar/products/aplb-glutathione-niacinamide-facial-cream,100,sí,14,4,4,,90,4,title SEO 100 car.; descripción corta (14 pal.); 4 imágenes sin alt; sin tipo de producto
Wakemake Real Defining Lash Mascara 8g – Máscara De Pestañas De Definición Extrema Con Ceras Fijadoras,WAKEMAKE,wakemake-real-defining-lash-mascara,https://www.skinko.com.ar/products/wakemake-real-defining-lash-mascara,102,sí,37,3,3,,37,4,title SEO 102 car.; descripción corta (37 pal.); 3 imágenes sin alt; sin tipo de producto
TIRTIR Waterism Lip Plumper 3.3g – Voluminizador Labial Hidratante y Efecto Brillo con Ácido Hialurónico,TIRTIR,tirtir-waterism-lip-plumper-3-3g,https://www.skinko.com.ar/products/tirtir-waterism-lip-plumper-3-3g,81,sí,38,4,4,,69,4,title SEO 81 car.; descripción corta (38 pal.); 4 imágenes sin alt; sin tipo de producto
TIRTIR Mini Waterism Glow Tint 1.8g – Tinta Labial Hidratante y de Larga Duración con Escualano,TIRTIR,tirtir-mini-waterism-glow-tint-1-8g,https://www.skinko.com.ar/products/tirtir-mini-waterism-glow-tint-1-8g,69,sí,42,9,9,,823,4,title SEO 69 car.; descripción corta (42 pal.); 9 imágenes sin alt; sin tipo de producto
TIRTIR Water Mellow Lip Balm 4g – Bálsamo Labial Hidratante y Nutritivo con Aceite de Semilla de Jojoba,TIRTIR,tirtir-water-mellow-lip-balm-4g,https://www.skinko.com.ar/products/tirtir-water-mellow-lip-balm-4g,76,sí,42,3,3,,59,4,title SEO 76 car.; descripción corta (42 pal.); 3 imágenes sin alt; sin tipo de producto
DAILY COMMA Bello de Perfume Body Lotion 500ml - Loción Corporal Hidratante Perfumada,DAILY COMMA,daily-comma-bello-de-perfume-body-lotion,https://www.skinko.com.ar/products/daily-comma-bello-de-perfume-body-lotion,89,sí,47,4,4,,339,4,title SEO 89 car.; descripción corta (47 pal.); 4 imágenes sin alt; sin tipo de producto
BEAUTY OF JOSEON | Revive Serum : Ginseng + Snail Mucin 60ml,Beauty of Joseon,beauty-of-joseon-revive-serum-ginseng-snail-mucin-30ml-copia,https://www.skinko.com.ar/products/beauty-of-joseon-revive-serum-ginseng-snail-mucin-30ml-copia,60,no,30,4,4,,49,4,sin meta description; descripción corta (30 pal.); 4 imágenes sin alt; sin tipo de producto
BEAUTY OF JOSEON | Glow Deep Serum : Rice + Arbutin 60 ml,Beauty of Joseon,beauty-of-joseon-glow-deep-serum-rice-arbutin-30ml-copia,https://www.skinko.com.ar/products/beauty-of-joseon-glow-deep-serum-rice-arbutin-30ml-copia,57,no,33,4,4,,57,4,sin meta description; descripción corta (33 pal.); 4 imágenes sin alt; sin tipo de producto
BEAUTY OF JOSEON | Glow Serum : Proplis + Niacinamide 60ml,Beauty of Joseon,beauty-of-joseon-glow-serum-proplis-niacinamide-30ml-copia,https://www.skinko.com.ar/products/beauty-of-joseon-glow-serum-proplis-niacinamide-30ml-copia,58,no,32,4,4,,115,4,sin meta description; descripción corta (32 pal.); 4 imágenes sin alt; sin tipo de producto
ABIB Pdrn Retinal Eye Patch Glow Jelly Parches Ojeras x60u,ABIB,abib-pdrn-retinal-eye-patch-glow-jelly-parches-ojeras-x60u,https://www.skinko.com.ar/products/abib-pdrn-retinal-eye-patch-glow-jelly-parches-ojeras-x60u,58,no,106,4,4,,46,4,sin meta description; 4 imágenes sin alt; sin tipo de producto; marca inconsistente (ABIB)
DAILY COMMA Most Perfume Solido 4.7g Musk Dawn,DAILY COMMA,daily-comma-most-solid-perfume-musk-dawn-4-7g-musk-dawn,https://www.skinko.com.ar/products/daily-comma-most-solid-perfume-musk-dawn-4-7g-musk-dawn,46,no,311,2,2,,171,4,sin meta description; 2 imágenes sin alt; solo 2 imágenes; sin tipo de producto
DAILY COMMA  Perfume para Cabello Most Hair Perfume Bloomea 30ml,DAILY COMMA,daily-comma-perfume-para-cabello-most-hair-perfume-bloomea-30ml,https://www.skinko.com.ar/products/daily-comma-perfume-para-cabello-most-hair-perfume-bloomea-30ml,64,no,168,2,2,perfume,126,4,sin meta description; title SEO 64 car.; 2 imágenes sin alt; solo 2 imágenes
DAILY COMMA  Perfume para Cabello Most Hair Perfume Baby Glow 30ml,DAILY COMMA,daily-comma-perfume-para-cabello-most-hair-perfume-baby-glow-30ml,https://www.skinko.com.ar/products/daily-comma-perfume-para-cabello-most-hair-perfume-baby-glow-30ml,66,no,162,2,2,perfume,51,4,sin meta description; title SEO 66 car.; 2 imágenes sin alt; solo 2 imágenes
DAILY COMMA  Perfume para Cabello Most Hair Perfume  Roselair 30ml,DAILY COMMA,daily-comma-perfume-para-cabello-most-hair-perfume-5386-30ml,https://www.skinko.com.ar/products/daily-comma-perfume-para-cabello-most-hair-perfume-5386-30ml,66,no,162,2,2,perfume,114,4,sin meta description; title SEO 66 car.; 2 imágenes sin alt; solo 2 imágenes
SKIN1004 Centella Asiática de Madagascar Teca Tónico Facial 210 ml,Skin1004,skin1004-centella-asiatica-de-madagascar-teca-tonico-facial-210-ml,https://www.skinko.com.ar/products/skin1004-centella-asiatica-de-madagascar-teca-tonico-facial-210-ml,66,no,160,3,3,,166,4,sin meta description; title SEO 66 car.; 3 imágenes sin alt; sin tipo de producto
Centellian24 Madeca Prime Max Silver Dispositivo Facial,CENTELLIAN24,centellian24-madeca-prime-max-silver-dispositivo-facial-centellian24-madeca-prime-max-silver-vibracion-sonica-y-luz-led,https://www.skinko.com.ar/products/centellian24-madeca-prime-max-silver-dispositivo-facial-centellian24-madeca-prime-max-silver-vibracion-sonica-y-luz-led,55,no,125,4,4,,28,4,sin meta description; 4 imágenes sin alt; sin tipo de producto; URL larga
Serum Facial APLB Colageno EGF Peptidos 40ml Serum Reafirmante Con Colágeno Hidrolizado,Skinko,serum-facial-aplb-colageno-egf-peptidos-40ml,https://www.skinko.com.ar/products/serum-facial-aplb-colageno-egf-peptidos-40ml,87,no,128,3,3,,89,4,sin meta description; title SEO 87 car.; 3 imágenes sin alt; sin tipo de producto
"APLB Mascarilla Facial Glutation Niacinamida 25ml Centella Asiática 13,5 %",APLB,aplb-mascarilla-facial-glutation-niacinamida-25ml-centella-asiatica-13-5,https://www.skinko.com.ar/products/aplb-mascarilla-facial-glutation-niacinamida-25ml-centella-asiatica-13-5,74,no,178,4,4,Mascarilla,78,4,sin meta description; title SEO 74 car.; 4 imágenes sin alt; URL larga
APLB Serum Facial Glutation Niacinamida Ampoule 40ml De Hidratacion Profunda,APLB,aplb-serum-facial-glutation-niacinamida-ampoule-40ml-de-hidratacion-profunda,https://www.skinko.com.ar/products/aplb-serum-facial-glutation-niacinamida-ampoule-40ml-de-hidratacion-profunda,76,no,186,3,3,serum,88,4,sin meta description; title SEO 76 car.; 3 imágenes sin alt; URL larga
"APLB Locion Corporal Glutation Niacinamida Centella Asiática 12,3 % Crema Corporal Iluminadora 300ml",APLB,aplb-locion-corporal-glutation-niacinamida-centella-asiatica-12-3-crema-corporal-iluminadora-300ml,https://www.skinko.com.ar/products/aplb-locion-corporal-glutation-niacinamida-centella-asiatica-12-3-crema-corporal-iluminadora-300ml,100,no,201,3,3,locion,80,4,sin meta description; title SEO 100 car.; 3 imágenes sin alt; URL larga
AXIS-Y Glass Skin Duo Set — Sérum Manchas + Contorno Ojos,AXIS-Y,axis-y-glass-skin-duo-kit-de-serum-para-contorno-de-ojos-y-serum-iluminador-niacinamida-5-colageno-vegano-peptidos-y-acido-hialuronico-reduce-manchas-y-ojeras,https://www.skinko.com.ar/products/axis-y-glass-skin-duo-kit-de-serum-para-contorno-de-ojos-y-serum-iluminador-niacinamida-5-colageno-vegano-peptidos-y-acido-hialuronico-reduce-manchas-y-ojeras,57,no,128,2,2,Set,60,4,sin meta description; 2 imágenes sin alt; solo 2 imágenes; URL larga
"Dr.Althea 345 Relief Serum – Sérum Facial Calmante e Hidratante Niacinamida, Pantenol 30 ml",Dr. Althea,dr-althea-345-relief-serum-serum-facial-calmante-e-hidratante-niacinamida-pantenol-y-agua-de-hoja-de-arbol-de-te-calma-el-enrojecimiento-y-ayuda-a-reparar-la-piel-30-ml,https://www.skinko.com.ar/products/dr-althea-345-relief-serum-serum-facial-calmante-e-hidratante-niacinamida-pantenol-y-agua-de-hoja-de-arbol-de-te-calma-el-enrojecimiento-y-ayuda-a-reparar-la-piel-30-ml,91,no,183,3,3,serum,19,4,sin meta description; title SEO 91 car.; 3 imágenes sin alt; URL larga
"Dr.Althea Pure Retinol 0.15% Cream – Crema Facial Antiedad con Retinol, Bakuchiol  20 g",Dr. Althea,dr-althea-pure-retinol-0-15-cream-crema-facial-antiedad-con-retinol-bakuchiol-y-pantenol-reduce-arrugas-reafirma-e-hidrata-20-g,https://www.skinko.com.ar/products/dr-althea-pure-retinol-0-15-cream-crema-facial-antiedad-con-retinol-bakuchiol-y-pantenol-reduce-arrugas-reafirma-e-hidrata-20-g,87,no,193,3,3,crema,99,4,sin meta description; title SEO 87 car.; 3 imágenes sin alt; URL larga
Mixsoon Hyalraebae Exosome Pore Bubble Serum Facial 70 ml,Mixsoon,mixsoon-hyalraebae-exosome-pore-bubble-serum-facial-con-exosomas-y-acido-poliglutamico-minimiza-poros-hidrata-y-efecto-glass-skin-70-ml,https://www.skinko.com.ar/products/mixsoon-hyalraebae-exosome-pore-bubble-serum-facial-con-exosomas-y-acido-poliglutamico-minimiza-poros-hidrata-y-efecto-glass-skin-70-ml,57,no,163,4,4,serum,268,4,sin meta description; 4 imágenes sin alt; marca inconsistente (Mixsoon); URL larga
"BRINGGREEN Zinc TECA Serum Facial Calmante con Zinc, TECA y Niacinamida 25 ml",BRINGGREEN,bringgreen-zinc-teca-serum-facial-calmante-con-zinc-teca-y-niacinamida-minimiza-poros-calma-brotes-e-hidrata-50-ml,https://www.skinko.com.ar/products/bringgreen-zinc-teca-serum-facial-calmante-con-zinc-teca-y-niacinamida-minimiza-poros-calma-brotes-e-hidrata-50-ml,77,no,130,3,3,serum,89,4,sin meta description; title SEO 77 car.; 3 imágenes sin alt; URL larga
ANUA Collagen Retinol Gua Sha Crema Reafirmante 80ml,ANUA,anua-collagen-retinol-refining-gua-sha-cream,https://www.skinko.com.ar/products/anua-collagen-retinol-refining-gua-sha-cream,52,no,194,3,3,GUASHA,178,4,sin meta description; 3 imágenes sin alt; marca inconsistente (ANUA); H1 duplicado en descripción
ANUA KDH Niacinamida 10% + TXA 3% 50ml (+GAT KEYRING),ANUA,anua-txa-3-gat-serum-50ml-gat-keyring,https://www.skinko.com.ar/products/anua-txa-3-gat-serum-50ml-gat-keyring,53,no,48,4,4,anua,174,4,sin meta description; descripción corta (48 pal.); 4 imágenes sin alt; marca inconsistente (ANUA)
Celimax | Pads Exfoliantes Corporal TXA Body Clarifying Pad,Celimax,celimax-txa-body-clarifying-pad,https://www.skinko.com.ar/products/celimax-txa-body-clarifying-pad,59,no,62,2,2,toner pad,7,4,sin meta description; descripción corta (62 pal.); 2 imágenes sin alt; solo 2 imágenes
Celimax | Crema Despigmentante y Refinadora de Poros Celimax Pore + Dark Spot Brightening Cream 35ml,Celimax,celimax-pore-dark-spot-brightening-cream,https://www.skinko.com.ar/products/celimax-pore-dark-spot-brightening-cream,100,no,69,4,4,Crema facial,88,4,sin meta description; title SEO 100 car.; descripción corta (69 pal.); 4 imágenes sin alt
MEDICUBE Sérum Facial Anti-Edad EGF NAD Firming Serum – 30ml,Skinko,medicube-serum-facial-anti-edad-egf-nad-firming-serum-30ml,https://www.skinko.com.ar/products/medicube-serum-facial-anti-edad-egf-nad-firming-serum-30ml,60,no,116,2,2,,185,4,sin meta description; 2 imágenes sin alt; solo 2 imágenes; sin tipo de producto
Celimax Brightening Eye Patch Parches de Hidrogel Contorno de Ojos 60 Unidades,Celimax,celimax-brightening-eye-patch-parches-de-hidrogel-iluminadores-para-contorno-de-ojos-hidratan-reafirman-y-ayudan-a-reducir-ojeras-y-lineas-de-expresion-60-unidades,https://www.skinko.com.ar/products/celimax-brightening-eye-patch-parches-de-hidrogel-iluminadores-para-contorno-de-ojos-hidratan-reafirman-y-ayudan-a-reducir-ojeras-y-lineas-de-expresion-60-unidades,78,no,140,3,3,Parche de ojos,231,4,sin meta description; title SEO 78 car.; 3 imágenes sin alt; URL larga
MEDICUBE AGE-R Booster Pro Mini Plus Rosa,Skinko,medicube-age-r-booster-pro-mini-plus-rosa,https://www.skinko.com.ar/products/medicube-age-r-booster-pro-mini-plus-rosa,41,no,75,5,5,,100,4,sin meta description; descripción corta (75 pal.); 5 imágenes sin alt; sin tipo de producto
BEAUND Eye Rejuv Dispositivo Facial Contorno De Ojos Antiedad Ojeras Bolsas Firmeza,Beaund,beaund-eye-rejuv-dispositivo-facial-contorno-de-ojos-antiedad-ojeras-bolsas-firmeza,https://www.skinko.com.ar/products/beaund-eye-rejuv-dispositivo-facial-contorno-de-ojos-antiedad-ojeras-bolsas-firmeza,83,no,250,6,6,Beauty tech,81,4,sin meta description; title SEO 83 car.; 6 imágenes sin alt; URL larga
BEAUND Neckcera (BEA-NCR) Dispositivo Cuello y Escote Antiedad,Beaund,beaund-neckcera-bea-ncr-dispositivo-cuello-y-escote-antiedad-con-nano-ems-y-terapia-led-nir-reafirma-lifting-y-reduce-arrugas-dispositivo-k-beauty,https://www.skinko.com.ar/products/beaund-neckcera-bea-ncr-dispositivo-cuello-y-escote-antiedad-con-nano-ems-y-terapia-led-nir-reafirma-lifting-y-reduce-arrugas-dispositivo-k-beauty,62,no,309,6,6,Beauty tech,28,4,sin meta description; title SEO 62 car.; 6 imágenes sin alt; URL larga
FAT LAB Bromelain Microcirculation Patch 8 Parches Reductores Drenantes Microcirculación Cuerpo,FatLab,fatlab-bromelain-microcirculation-patch-8-parches-reductores-drenantes-microcirculacion-cuerpo,https://www.skinko.com.ar/products/fatlab-bromelain-microcirculation-patch-8-parches-reductores-drenantes-microcirculacion-cuerpo,95,no,323,3,3,parche,48,4,sin meta description; title SEO 95 car.; 3 imágenes sin alt; URL larga
MARY & MAY Spicule Azelaic PDRN Spot 15 g,MARY&MAY,mary-may-spicule-azelaic-pdrn-spot-crema-facial-focalizada-con-acido-azelaico-pdrn-y-microespiculas-calma-rojeces-regenera-y-trata-marcas-de-acne-15-g,https://www.skinko.com.ar/products/mary-may-spicule-azelaic-pdrn-spot-crema-facial-focalizada-con-acido-azelaico-pdrn-y-microespiculas-calma-rojeces-regenera-y-trata-marcas-de-acne-15-g,41,no,158,3,3,Crema facial,52,4,sin meta description; 3 imágenes sin alt; marca inconsistente (MARY&MAY); URL larga
SKIN1004 Madagascar Centella Double Cleansing Duo – Kit de Doble Limpieza Facial,Skin1004,skin1004-madagascar-centella-double-cleansing-duo-kit-de-doble-limpieza-facial,https://www.skinko.com.ar/products/skin1004-madagascar-centella-double-cleansing-duo-kit-de-doble-limpieza-facial,80,no,116,4,4,DOBLE LIMPIEZA,96,4,sin meta description; title SEO 80 car.; 4 imágenes sin alt; URL larga
ANUA PDRN Collagen Melting Patch For Neck - Parches faciales,Anua,anua-parches-para-el-cuello-pdrn-collagen-melting-firmeza-4-unidades,https://www.skinko.com.ar/products/anua-parches-para-el-cuello-pdrn-collagen-melting-firmeza-4-unidades,60,no,84,2,2,parche,187,4,sin meta description; 2 imágenes sin alt; solo 2 imágenes; marca inconsistente (Anua)
COSRX The Blue Peptide Bakuchiol Plump & Glow Serum 50 ml - Serum Facial,COSRX,cosrx-the-blue-peptide-bakuchiol-plump-glow-serum-tratamiento-concentrado-de-textura-ligera50-ml,https://www.skinko.com.ar/products/cosrx-the-blue-peptide-bakuchiol-plump-glow-serum-tratamiento-concentrado-de-textura-ligera50-ml,72,no,115,3,3,serum,116,4,sin meta description; title SEO 72 car.; 3 imágenes sin alt; URL larga
COSRX The Blue Peptide Bakuchiol Plump & Bounce 50 ml - Crema Facial,COSRX,cosrx-the-blue-peptide-bakuchiol-plump-bounce-crema-hidratante-50-ml,https://www.skinko.com.ar/products/cosrx-the-blue-peptide-bakuchiol-plump-bounce-crema-hidratante-50-ml,68,no,61,3,3,crema,122,4,sin meta description; title SEO 68 car.; descripción corta (61 pal.); 3 imágenes sin alt
SEAPURI Lashrum Eyelash Enhancing & Strengthening Eyelash  - Serum Fortalecedor de Pestañas y Cejas,SEAPURI,seapuri-lashrum-eyelash-enhancing-strengthening-eyelash-serum-fortalecedor-de-pestanas-y-cejas,https://www.skinko.com.ar/products/seapuri-lashrum-eyelash-enhancing-strengthening-eyelash-serum-fortalecedor-de-pestanas-y-cejas,99,no,122,3,3,serum,102,4,sin meta description; title SEO 99 car.; 3 imágenes sin alt; URL larga
BIODANCE Rejuvenating Caviar PDRN Real Deep Mask,Biodance,biodance-rejuvenating-caviar-pdrn-real-deep-mask,https://www.skinko.com.ar/products/biodance-rejuvenating-caviar-pdrn-real-deep-mask,48,no,63,3,3,Mascarilla,58,4,sin meta description; descripción corta (63 pal.); 3 imágenes sin alt; marca inconsistente (Biodance)
FILLIMILLI Highlighter Fan Brush 856 - Brocha de Maquillaje,FILLIMILLI,fillimilli-highlighter-fan-brush-856-brocha-de-maquillaje,https://www.skinko.com.ar/products/fillimilli-highlighter-fan-brush-856-brocha-de-maquillaje,59,no,66,3,3,,98,4,sin meta description; descripción corta (66 pal.); 3 imágenes sin alt; sin tipo de producto
ABIB Collagen Eye Cream Jericho Rose Tube 30ml,Abib,collagen-eye-cream-jericho-rose-tube-30ml,https://www.skinko.com.ar/products/collagen-eye-cream-jericho-rose-tube-30ml,46,no,92,3,3,crema,315,3,sin meta description; 3 imágenes sin alt; marca inconsistente (Abib)
K-SECRET | SEOUL 1988 Essence: Snail Mucin 97% + Rice 100ml,K-secret,seoul-1988-essence-snail-mucin-97-rice-100ml,https://www.skinko.com.ar/products/seoul-1988-essence-snail-mucin-97-rice-100ml,59,no,85,3,3,,140,3,sin meta description; 3 imágenes sin alt; sin tipo de producto
TIRTIR | Mask Fit Make Up Fixer 80ml,TIRTIR,mask-fit-make-up-fixer-80ml,https://www.skinko.com.ar/products/mask-fit-make-up-fixer-80ml,36,no,225,3,3,,5,3,sin meta description; 3 imágenes sin alt; sin tipo de producto
Anua BHA 2% Gentle Exfoliating Toner,Anua,anua-bha-2-gentle-exfoliating-toner-150ml,https://www.skinko.com.ar/products/anua-bha-2-gentle-exfoliating-toner-150ml,36,no,94,3,3,tonico,87,3,sin meta description; 3 imágenes sin alt; marca inconsistente (Anua)
COONY | Mascarilla Facial Green Tea Mask 23g,Coony,mascarilla-facial-green-tea-essence-mask-23g,https://www.skinko.com.ar/products/mascarilla-facial-green-tea-essence-mask-23g,44,no,109,3,3,,41,3,sin meta description; 3 imágenes sin alt; sin tipo de producto
COONY | Mascarilla Facial Charcoal Mask 23g,Coony,mascarilla-facial-charcoal-essense-mask-23g,https://www.skinko.com.ar/products/mascarilla-facial-charcoal-essense-mask-23g,43,no,96,3,3,,467,3,sin meta description; 3 imágenes sin alt; sin tipo de producto
COONY | Mascarilla Facial Hyaluronic Mask 23g,Coony,mascarilla-facial-hyaluronic-essence-mask-23g,https://www.skinko.com.ar/products/mascarilla-facial-hyaluronic-essence-mask-23g,45,no,128,3,3,,13,3,sin meta description; 3 imágenes sin alt; sin tipo de producto
COONY | Mascarilla Facial Royal Jelly Mask 23g,Coony,mascarilla-facial-royal-jelly-essense-mask-23g,https://www.skinko.com.ar/products/mascarilla-facial-royal-jelly-essense-mask-23g,46,no,80,3,3,,329,3,sin meta description; 3 imágenes sin alt; sin tipo de producto
COONY | Mascarilla Facial Red Ginseng Mask 23g,Coony,mascarilla-facial-red-ginseng-essense-mask-23g,https://www.skinko.com.ar/products/mascarilla-facial-red-ginseng-essense-mask-23g,46,no,88,3,3,,471,3,sin meta description; 3 imágenes sin alt; sin tipo de producto
COONY | Mascarilla Facial Snail Mask 23g,Coony,mascarilla-facial-snail-essence-mask-23g,https://www.skinko.com.ar/products/mascarilla-facial-snail-essence-mask-23g,40,no,156,3,3,,395,3,sin meta description; 3 imágenes sin alt; sin tipo de producto
COONY | Natural Green Clay Mask 70ml,Coony,natural-green-clay-mask-70ml,https://www.skinko.com.ar/products/natural-green-clay-mask-70ml,36,no,95,3,3,,148,3,sin meta description; 3 imágenes sin alt; sin tipo de producto
COONY | Cicamomile Cleansing Balm 100ml,Coony,cicamomile-cleansing-balm-100ml,https://www.skinko.com.ar/products/cicamomile-cleansing-balm-100ml,39,no,96,3,3,,33,3,sin meta description; 3 imágenes sin alt; sin tipo de producto
COONY | Centella Toner Pad 130ml,Coony,centella-toner-pad-130ml,https://www.skinko.com.ar/products/centella-toner-pad-130ml,32,no,84,3,3,,148,3,sin meta description; 3 imágenes sin alt; sin tipo de producto
COONY | Three Colors Led Mask,Coony,three-colors-led-mask,https://www.skinko.com.ar/products/three-colors-led-mask,29,no,295,3,3,,79,3,sin meta description; 3 imágenes sin alt; sin tipo de producto
COONY | Snowball,Coony,snowball,https://www.skinko.com.ar/products/snowball,16,no,88,3,3,,84,3,sin meta description; 3 imágenes sin alt; sin tipo de producto
COONY | Intensive Hair Treatment 500ml,Coony,intensive-hair-treatment-500ml,https://www.skinko.com.ar/products/intensive-hair-treatment-500ml,38,no,91,3,3,,5,3,sin meta description; 3 imágenes sin alt; sin tipo de producto
SKIN1004 | Madagascar Centella Toning Toner 210ml,Skin1004,madagascar-centella-toning-toner-210ml,https://www.skinko.com.ar/products/madagascar-centella-toning-toner-210ml,49,no,80,3,3,,48,3,sin meta description; 3 imágenes sin alt; sin tipo de producto
SKIN1004 | Madagascar Centella Travel Kit,Skin1004,madagascar-centella-travel-kit,https://www.skinko.com.ar/products/madagascar-centella-travel-kit,41,no,90,3,3,,109,3,sin meta description; 3 imágenes sin alt; sin tipo de producto
SKIN1004 | Madagascar Centella Hyalu-Cica First Ampoule 50ml,Skin1004,madagascar-centella-hyalu-cica-first-ampoule-50ml,https://www.skinko.com.ar/products/madagascar-centella-hyalu-cica-first-ampoule-50ml,60,no,80,3,3,,132,3,sin meta description; 3 imágenes sin alt; sin tipo de producto
SKIN1004 | Madagascar Centella Tea-Trica B5 Cream 75 ml,Skin1004,madagascar-centella-tea-trica-b5-cream-75ml,https://www.skinko.com.ar/products/madagascar-centella-tea-trica-b5-cream-75ml,55,no,83,3,3,,23,3,sin meta description; 3 imágenes sin alt; sin tipo de producto
SKIN1004 SET CENTELLA AMPOULE | Set ampollas skin1004,Skin1004,skin1004-set-centella-ampoule-set-ampollas-skin1004,https://www.skinko.com.ar/products/skin1004-set-centella-ampoule-set-ampollas-skin1004,53,no,134,2,2,ampolla,76,3,sin meta description; 2 imágenes sin alt; solo 2 imágenes
Celimax | The Real Noni Moisture Balancing Toner,Celimax,celimax-the-real-noni-moisture-balancing-toner-tonico-hidratante,https://www.skinko.com.ar/products/celimax-the-real-noni-moisture-balancing-toner-tonico-hidratante,48,no,44,5,5,tonico,95,3,sin meta description; descripción corta (44 pal.); 5 imágenes sin alt
Celimax | The Real Noni Energy Repair Cream,Celimax,celimax-the-real-noni-energy-repair-cream-crema-reparadora,https://www.skinko.com.ar/products/celimax-the-real-noni-energy-repair-cream-crema-reparadora,43,no,43,5,5,crema,181,3,sin meta description; descripción corta (43 pal.); 5 imágenes sin alt
Celimax | The Real Noni Energy Ampoule Mask 1 unid,Celimax,celimax-the-real-noni-energy-ampoule-mask-1-unid-mascarilla-facial,https://www.skinko.com.ar/products/celimax-the-real-noni-energy-ampoule-mask-1-unid-mascarilla-facial,50,no,44,5,5,Mascarilla,125,3,sin meta description; descripción corta (44 pal.); 5 imágenes sin alt
Celimax | Dual Barrier Mild Gel Cleanser,Celimax,celimax-dual-barrier-mild-gel-cleanser-limpiador-facial-en-gel,https://www.skinko.com.ar/products/celimax-dual-barrier-mild-gel-cleanser-limpiador-facial-en-gel,40,no,52,5,5,Limpiador,56,3,sin meta description; descripción corta (52 pal.); 5 imágenes sin alt
Celimax Dual Barrier Creamy Toner | Tonico Facial Cremoso,Celimax,celimax-dual-barrier-creamy-toner-tonico-facial-cremoso,https://www.skinko.com.ar/products/celimax-dual-barrier-creamy-toner-tonico-facial-cremoso,57,no,52,5,5,tonico,58,3,sin meta description; descripción corta (52 pal.); 5 imágenes sin alt
Celimax | Dual Barrier Skin Wearable Cream,Celimax,celimax-dual-barrier-skin-wearable-cream-crema-facial-reparadora,https://www.skinko.com.ar/products/celimax-dual-barrier-skin-wearable-cream-crema-facial-reparadora,42,no,46,5,5,crema,174,3,sin meta description; descripción corta (46 pal.); 5 imágenes sin alt
Celimax The Real Noni Starter Kit Mini,Celimax,celimax-the-real-noni-starter-kit,https://www.skinko.com.ar/products/celimax-the-real-noni-starter-kit,38,no,51,4,4,Set,30,3,sin meta description; descripción corta (51 pal.); 4 imágenes sin alt
DR. ALTHEA | 345 Relief Cream Mist | 60ml | Bruma Facial en Crema Calmante con Agua de Arroz y Pantenol,Dr. Althea,dr-althea-345-relief-cream-mist,https://www.skinko.com.ar/products/dr-althea-345-relief-cream-mist,34,no,40,4,4,crema,4,3,sin meta description; descripción corta (40 pal.); 4 imágenes sin alt
VT COSMETICS | Reedle Shot Lip Plumper | 3.3g | Labial Voluminizador con Cica Reedle y Ácido Hialurónico,Vt Cosmetics,vt-reedle-shot-lip-plumper,https://www.skinko.com.ar/products/vt-reedle-shot-lip-plumper,38,no,156,4,2,Brillo labial,261,3,sin meta description; 2 imágenes sin alt; marca inconsistente (Vt Cosmetics)
MEDICUBE | Age-R Booster Pro Mini Pink,Medicube,age-r-booster-pro-mini-pink,https://www.skinko.com.ar/products/age-r-booster-pro-mini-pink,38,no,130,5,5,booster,140,3,sin meta description; 5 imágenes sin alt; marca inconsistente (Medicube)
MEDICUBE | Age-R Booster Pro,Medicube,age-r-booster-pro-pink-edition,https://www.skinko.com.ar/products/age-r-booster-pro-pink-edition,28,no,87,6,6,booster,435,3,sin meta description; 6 imágenes sin alt; marca inconsistente (Medicube)
BEAUTY OF JOSEON Revive Under Eye Patch Ginseng + Retinal 100g (60 parches) - Parches para Contorno de Ojos,Beauty of Joseon,boj-revive-under-eye-patch,https://www.skinko.com.ar/products/boj-revive-under-eye-patch,95,no,87,4,4,parche,76,3,sin meta description; title SEO 95 car.; 4 imágenes sin alt
DEAR.A | Perfect Cover Concealer Palette 5.4g C03 – Paleta de Correctores Cremosos con Centella Asiática y Escualano.,DEAR A,dear-a-perfect-cover-concealer-palette,https://www.skinko.com.ar/products/dear-a-perfect-cover-concealer-palette,93,sí,34,4,4,Paleta de correctores,8,3,title SEO 93 car.; descripción corta (34 pal.); 4 imágenes sin alt
DEAR.A | Vegan Glitter Eyeshadow 4g 02 Sunbeam – Sombra de Ojos Líquida Iluminadora con Ácido Hialurónico y Glicerina.,DEAR A,dear-a-vegan-glitter-eyeshadow,https://www.skinko.com.ar/products/dear-a-vegan-glitter-eyeshadow,89,sí,34,3,3,sombras,62,3,title SEO 89 car.; descripción corta (34 pal.); 3 imágenes sin alt
DEAR.A | Blush & Beam Dual Stick 8g – Rubor e Iluminador Dual con Ceramidas y Manteca de Karité.,DEAR A,dear-a-blush-beam-dual-stick,https://www.skinko.com.ar/products/dear-a-blush-beam-dual-stick,70,sí,37,4,4,Rubor en crema,15,3,title SEO 70 car.; descripción corta (37 pal.); 4 imágenes sin alt
DEAR.A | Luminous Nail Essence 3g – Esencia Fortalecedora de Uñas con Aceite de Almendras Dulces y Biotina.,DEAR A,dear-a-luminous-nail-essence,https://www.skinko.com.ar/products/dear-a-luminous-nail-essence,91,sí,29,3,3,Tratamiento de uñas,45,3,title SEO 91 car.; descripción corta (29 pal.); 3 imágenes sin alt
DEAR.A | Perfume Nail Treatment 10g – Tratamiento Nutritivo de Uñas y Cutículas con Aceite de Almendras Dulces y Fragancia.,DEAR A,dear-a-perfume-nail-treatment,https://www.skinko.com.ar/products/dear-a-perfume-nail-treatment,104,sí,29,3,3,Tratamiento,55,3,title SEO 104 car.; descripción corta (29 pal.); 3 imágenes sin alt
ELIZAVECCA Milky Piggy Collagen Coating Protein Ion Injection 50ml – Esencia Reparadora Capilar con Colágeno y Proteína,ELIZAVECCA,elizavecca-milky-piggy-collagen-coating-protein-ion-injection,https://www.skinko.com.ar/products/elizavecca-milky-piggy-collagen-coating-protein-ion-injection,114,sí,23,4,4,Tratamiento,25,3,title SEO 114 car.; descripción corta (23 pal.); 4 imágenes sin alt
ELIZAVECCA CER-100 Hair Muscle Essence Oil 100ml – Aceite Esencia Nutritivo y Abrillantador con Aceite de Argán,ELIZAVECCA,elizavecca-cer-100-hair-muscle-essence-oil,https://www.skinko.com.ar/products/elizavecca-cer-100-hair-muscle-essence-oil,105,sí,25,3,3,Aceite capilar,29,3,title SEO 105 car.; descripción corta (25 pal.); 3 imágenes sin alt
ELIZAVECCA CER-100 Collagen Coating Hair Muscle Shampoo 500ml – Champú Fortalecedor y Revitalizante con Colágeno Hidrolizado,ELIZAVECCA,elizavecca-cer-100-collagen-coating-hair-muscle-shampoo,https://www.skinko.com.ar/products/elizavecca-cer-100-collagen-coating-hair-muscle-shampoo,118,sí,24,3,3,Shampoo,26,3,title SEO 118 car.; descripción corta (24 pal.); 3 imágenes sin alt
ELIZAVECCA CER-100 Collagen Coating Hair Muscle Treatment Rinse 500ml – Acondicionador Reparador Profundo con Colágeno Hidrolizado,ELIZAVECCA,elizavecca-cer-100-collagen-coating-hair-muscle-treatment-rinse,https://www.skinko.com.ar/products/elizavecca-cer-100-collagen-coating-hair-muscle-treatment-rinse,124,sí,23,3,3,Tratamiento,35,3,title SEO 124 car.; descripción corta (23 pal.); 3 imágenes sin alt
ELIZAVECCA CER-100 Collagen Coating Hair A+ Muscle Curl Cream 120ml – Crema para Peinar y Definir Rizos con Colágeno Hidrolizado,ELIZAVECCA,elizavecca-cer-100-collagen-coating-hair-a-muscle-curl-cream,https://www.skinko.com.ar/products/elizavecca-cer-100-collagen-coating-hair-a-muscle-curl-cream,122,sí,26,4,4,crema de peinar,152,3,title SEO 122 car.; descripción corta (26 pal.); 4 imágenes sin alt
ELIZAVECCA CER-100 Collagen Coating Hair A+ Muscle Fixer Spray 150ml – Spray Fijador de Peinado y Volumen con Colágeno Hidrolizado,ELIZAVECCA,elizavecca-cer-100-collagen-coating-hair-a-muscle-fixer-spray,https://www.skinko.com.ar/products/elizavecca-cer-100-collagen-coating-hair-a-muscle-fixer-spray,124,sí,25,4,4,Spray FIjador,114,3,title SEO 124 car.; descripción corta (25 pal.); 4 imágenes sin alt
HARUHARU WONDER Black Rice Hyaluronic Toner Free of Alcohol Fragrance 150ml – Tónico Hidratante y Calmante con Arroz Negro Fermentado,HARUHARU,haruharu-wonder-black-rice-hyaluronic-toner-fragrance-free,https://www.skinko.com.ar/products/haruharu-wonder-black-rice-hyaluronic-toner-fragrance-free,118,sí,20,4,4,tonico,74,3,title SEO 118 car.; descripción corta (20 pal.); 4 imágenes sin alt
HARUHARU WONDER Black Rice Probiotics Barrier Essence 120ml – Esencia Fortalecedora de la Barrera con Arroz Negro y Probióticos,HARUHARU,haruharu-wonder-black-rice-probiotics-barrier-essence,https://www.skinko.com.ar/products/haruharu-wonder-black-rice-probiotics-barrier-essence,108,sí,21,4,4,esencia,150,3,title SEO 108 car.; descripción corta (21 pal.); 4 imágenes sin alt
HARUHARU WONDER Black Rice Moisture Airyfit Daily Sunscreen 50ml – Protector Solar Hidratante con Arroz Negro Fermentado,HARUHARU,haruharu-wonder-black-rice-moisture-airyfit-daily-sunscreen,https://www.skinko.com.ar/products/haruharu-wonder-black-rice-moisture-airyfit-daily-sunscreen,131,sí,21,4,4,Protector solar,116,3,title SEO 131 car.; descripción corta (21 pal.); 4 imágenes sin alt
HARUHARU WONDER Black Rice Moisture Cleansing Oil 150ml – Aceite Limpiador Desmaquillante con Aceite de Salvado de Arroz,HARUHARU,haruharu-wonder-black-rice-moisture-cleansing-oil,https://www.skinko.com.ar/products/haruharu-wonder-black-rice-moisture-cleansing-oil,128,sí,22,4,4,Limpiador en aceite,70,3,title SEO 128 car.; descripción corta (22 pal.); 4 imágenes sin alt
HARUHARU WONDER Black Rice Moisture 5.5 Soft Cleansing Gel 100ml – Limpiador Facial Suave y Equilibrante con Arroz Negro Fermentado,HARUHARU,haruharu-wonder-black-rice-moisture-5-5-soft-cleansing-gel,https://www.skinko.com.ar/products/haruharu-wonder-black-rice-moisture-5-5-soft-cleansing-gel,125,sí,22,3,3,Limpiador,96,3,title SEO 125 car.; descripción corta (22 pal.); 3 imágenes sin alt
HARUHARU WONDER Black Rice 10 Hyaluronic Cream 50ml – Crema Hidratante Intensa y Nutritiva con Arroz Negro Fermentado,HARUHARU,haruharu-wonder-black-rice-10-hyaluronic-cream,https://www.skinko.com.ar/products/haruharu-wonder-black-rice-10-hyaluronic-cream,124,sí,22,3,3,crema,97,3,title SEO 124 car.; descripción corta (22 pal.); 3 imágenes sin alt
PURITO Wonder Releaf Centella Toner Unscented 200ml – Tónico Facial Calmante con Centella Asiática Coreana,PURITO,purito-wonder-releaf-centella-toner-unscented,https://www.skinko.com.ar/products/purito-wonder-releaf-centella-toner-unscented,100,sí,22,3,3,tonico,136,3,title SEO 100 car.; descripción corta (22 pal.); 3 imágenes sin alt
PURITO Mighty Bamboo Panthenol Cream 100ml – Crema Facial Hidratante y Reparadora con Pantenol al 10%,PURITO,purito-mighty-bamboo-panthenol-cream,https://www.skinko.com.ar/products/purito-mighty-bamboo-panthenol-cream,95,sí,24,3,3,crema,258,3,title SEO 95 car.; descripción corta (24 pal.); 3 imágenes sin alt
PURITO Mighty Bamboo Panthenol Cleanser 150ml – Limpiador Facial de pH Bajo con Pantenol y Extracto de Bambú,PURITO,purito-mighty-bamboo-panthenol-cleanser,https://www.skinko.com.ar/products/purito-mighty-bamboo-panthenol-cleanser,102,sí,21,3,3,Limpiador,35,3,title SEO 102 car.; descripción corta (21 pal.); 3 imágenes sin alt
PURITO Oat in Calming Gel Cream 100ml – Crema Gel Calmante e Hidratante con Agua de Semilla de Avena,PURITO,purito-oat-in-calming-gel-cream,https://www.skinko.com.ar/products/purito-oat-in-calming-gel-cream,94,sí,24,4,4,crema,269,3,title SEO 94 car.; descripción corta (24 pal.); 4 imágenes sin alt
PURITO Oat Pdrn Gentle Refining Toner 200ml – Tónico Facial Exfoliante Suave con Agua de Semilla de Avena,PURITO,purito-oat-pdrn-gentle-refining-toner,https://www.skinko.com.ar/products/purito-oat-pdrn-gentle-refining-toner,99,sí,25,4,4,tonico,141,3,title SEO 99 car.; descripción corta (25 pal.); 4 imágenes sin alt
Balsamo Labial Bringgreen Bamboo Hyalu 25ml Pack x2u,BRINGGREEN,balsamo-labial-bringgreen-bamboo-hyalu-25ml-pack-x2u,https://www.skinko.com.ar/products/balsamo-labial-bringgreen-bamboo-hyalu-25ml-pack-x2u,52,no,59,4,4,balsamo,44,3,sin meta description; descripción corta (59 pal.); 4 imágenes sin alt
Baren Pedi Mate Dual Power Removedor De Durezas Eléctrico,BAREN,baren-pedi-mate-dual-power-removedor-de-durezas-electrico,https://www.skinko.com.ar/products/baren-pedi-mate-dual-power-removedor-de-durezas-electrico,57,no,108,3,3,,106,3,sin meta description; 3 imágenes sin alt; sin tipo de producto
DAILY COMMA Most Pefume Solido 4.7g Dear Rosie,DAILY COMMA,daily-comma-most-solid-perfume-4-7g-dear-rosie,https://www.skinko.com.ar/products/daily-comma-most-solid-perfume-4-7g-dear-rosie,46,no,313,2,2,perfume solido,217,3,sin meta description; 2 imágenes sin alt; solo 2 imágenes
DAILY COMMA Most Perfume Solido 4.7g Vainilla Jaz,DAILY COMMA,daily-comma-most-perfume-solido-4-7g-vainilla-jaz,https://www.skinko.com.ar/products/daily-comma-most-perfume-solido-4-7g-vainilla-jaz,49,no,305,2,2,perfume,34,3,sin meta description; 2 imágenes sin alt; solo 2 imágenes
DAILY COMMA Most Perfume Solido 4.7g Velvet Wood,DAILY COMMA,daily-comma-most-perfume-solido-4-7g-velvet-wood,https://www.skinko.com.ar/products/daily-comma-most-perfume-solido-4-7g-velvet-wood,48,no,309,2,2,perfume,335,3,sin meta description; 2 imágenes sin alt; solo 2 imágenes
DAILY COMMA Perfume Most Eau de Parfum 30ml Musk Muhwagua,DAILY COMMA,daily-comma-most-eau-de-parfum-30ml-woody-garden-copia,https://www.skinko.com.ar/products/daily-comma-most-eau-de-parfum-30ml-woody-garden-copia,57,no,119,2,2,perfume,319,3,sin meta description; 2 imágenes sin alt; solo 2 imágenes
DAILY COMMA Perfume Most Eau de Parfum 30ml Tender Paris,DAILY COMMA,daily-comma-perfume-most-eau-de-parfum-30ml-tender-paris,https://www.skinko.com.ar/products/daily-comma-perfume-most-eau-de-parfum-30ml-tender-paris,56,no,104,2,2,perfume,270,3,sin meta description; 2 imágenes sin alt; solo 2 imágenes
DAILY COMMA Perfume Most Eau de Parfum 30ml Signal Berry,DAILY COMMA,daily-comma-perfume-most-eau-de-parfum-30ml-signal-berry,https://www.skinko.com.ar/products/daily-comma-perfume-most-eau-de-parfum-30ml-signal-berry,56,no,112,2,2,perfume,283,3,sin meta description; 2 imágenes sin alt; solo 2 imágenes
DAILY COMMA Perfume Most Eau de Parfum 30ml Cotton White,DAILY COMMA,daily-comma-perfume-most-eau-de-parfum-30ml-cotton-white,https://www.skinko.com.ar/products/daily-comma-perfume-most-eau-de-parfum-30ml-cotton-white,56,no,91,2,2,perfume,276,3,sin meta description; 2 imágenes sin alt; solo 2 imágenes
DAILY COMMA Perfume Most Eau de Parfum 30ml Muguet Vainilla,DAILY COMMA,daily-comma-perfume-most-eau-de-parfum-30ml-muguet-vanilla,https://www.skinko.com.ar/products/daily-comma-perfume-most-eau-de-parfum-30ml-muguet-vanilla,59,no,123,2,2,perfume,273,3,sin meta description; 2 imágenes sin alt; solo 2 imágenes
SKIN1004 Crema Reparadora Madagascar Centella Teca 75 ml,Skin1004,skin1004-crema-reparadora-madagascar-centella-teca-75-ml,https://www.skinko.com.ar/products/skin1004-crema-reparadora-madagascar-centella-teca-75-ml,56,no,155,3,3,,93,3,sin meta description; 3 imágenes sin alt; sin tipo de producto
SKIN1004 Madagascar Centella Hyalu-Teca Crema Reafirmante 50 ml,Skin1004,skin1004-madagascar-centella-hyalu-teca-crema-reafirmante-50-ml,https://www.skinko.com.ar/products/skin1004-madagascar-centella-hyalu-teca-crema-reafirmante-50-ml,63,no,175,3,3,crema,73,3,sin meta description; title SEO 63 car.; 3 imágenes sin alt
SKIN1004 Kit Todo Uniforme Centella De Madagascar Rutina 4 Pasos,Skinko,skin1004-kit-even-tone-centella-de-madagascar-rutina-4-pasos,https://www.skinko.com.ar/products/skin1004-kit-even-tone-centella-de-madagascar-rutina-4-pasos,64,no,339,3,3,Set,162,3,sin meta description; title SEO 64 car.; 3 imágenes sin alt
SKIN1004 Travel Kit Poromización Centella Asiatica De 4 Pasos Mini,Skinko,skin1004-travel-kit-poromizacion-centella-asiatica-de-4-pasos-mini,https://www.skinko.com.ar/products/skin1004-travel-kit-poromizacion-centella-asiatica-de-4-pasos-mini,66,no,285,7,7,travel kit,87,3,sin meta description; title SEO 66 car.; 7 imágenes sin alt
CELIMAX The Vita-A Retinal Shot Tightening Dual Cream,Celimax,celimax-the-vita-a-retinal-shot-tightening-dual-cream-crema-facial-antiedad-con-retinal-0-1-matrixyl-y-pantenol-reafirma-reduce-arrugas-y-mejora-la-textura-50-ml,https://www.skinko.com.ar/products/celimax-the-vita-a-retinal-shot-tightening-dual-cream-crema-facial-antiedad-con-retinal-0-1-matrixyl-y-pantenol-reafirma-reduce-arrugas-y-mejora-la-textura-50-ml,53,no,130,4,4,Crema facial,232,3,sin meta description; 4 imágenes sin alt; URL larga
COONY | Hair Miracle Serum 130ml,Coony,hair-miracle-serum-130ml,https://www.skinko.com.ar/products/hair-miracle-serum-130ml,32,no,88,3,3,serum,166,2,sin meta description; 3 imágenes sin alt
Kit De Viaje Bringgreen Tea Tree Cica Rutina K-beauty,BRINGGREEN,kit-de-viaje-bringgreen-tea-tree-cica-rutina-k-beauty,https://www.skinko.com.ar/products/kit-de-viaje-bringgreen-tea-tree-cica-rutina-k-beauty,53,no,84,4,4,travel kit,50,2,sin meta description; 4 imágenes sin alt
DAILY COMMA Perfume Most Eau de Parfum 30ml Woody Garden,DAILY COMMA,daily-comma-most-eau-de-parfum-30ml-woody-garden,https://www.skinko.com.ar/products/daily-comma-most-eau-de-parfum-30ml-woody-garden,56,no,165,3,3,perfume,322,2,sin meta description; 3 imágenes sin alt
SKIN1004 Madagascar Centella Teca Ampoule Serum Facial,Skin1004,skin1004-madagascar-centella-teca-ampoule-serum-facial,https://www.skinko.com.ar/products/skin1004-madagascar-centella-teca-ampoule-serum-facial,54,no,153,3,3,serum,7,2,sin meta description; 3 imágenes sin alt
